ID,target
ID_009D84L,0
ID_01DO2EQ,0
ID_01QM0NU,0
ID_024NJLZ,0
ID_02BYET3,0
ID_02NOVWQ,0
ID_02VSP68,0
ID_02YB37K,0
ID_035MSR2,0
ID_0368TEA,0
ID_03ITANF,0
ID_03PBB9C,0
ID_03TU8D8,0
ID_03U7AQ3,0
ID_03U9R5M,0
ID_045OFQ1,0
ID_04OFD80,0
ID_04UA1UO,0
ID_04VHLFR,0
ID_05INLXG,0
ID_05X3N9M,0
ID_0605AP6,0
ID_06H3F75,0
ID_06M2PCI,0
ID_06P6GY9,0
ID_06QWOUO,0
ID_06SOU7C,0
ID_071O9H5,0
ID_0737K0Z,0
ID_07A1Q6H,0
ID_07STYSU,0
ID_07Y4UYU,0
ID_0854MA0,0
ID_0884G2B,0
ID_08ASI3I,0
ID_0995A6M,0
ID_09OQBRF,0
ID_0AYG0IU,0
ID_0BEW4PK,0
ID_0BRBW3E,0
ID_0BVFIF8,0
ID_0C6TAF9,0
ID_0COV8OZ,0
ID_0CRE393,0
ID_0CVKGTA,0
ID_0D598MI,0
ID_0DIRHMJ,0
ID_0E2L1GD,0
ID_0EDO809,0
ID_0EG8YRM,0
ID_0EUIYTC,0
ID_0EZTH7Z,0
ID_0FBQCMF,0
ID_0FEFBFY,0
ID_0FG1C5Z,0
ID_0FKEOR7,0
ID_0FNR93U,0
ID_0FPUQ6R,0
ID_0FS2V1Z,0
ID_0G32KK0,0
ID_0G8LN29,0
ID_0GHSO2V,0
ID_0GJ57GZ,0
ID_0HKYJTY,0
ID_0HRCBPZ,0
ID_0HS4HXM,0
ID_0HZ0SGK,0
ID_0HZNKPH,0
ID_0I8D4S9,0
ID_0IEWNLE,0
ID_0IG9TFC,0
ID_0J0VSK8,0
ID_0J11QD0,0
ID_0J8NLTP,0
ID_0JF2IEE,0
ID_0KI5LO5,0
ID_0KIV90L,0
ID_0KJ83JX,0
ID_0LGQI4P,0
ID_0LSG93Q,0
ID_0MGZ7LX,0
ID_0MOXT38,0
ID_0MQN50S,0
ID_0MSRDSB,0
ID_0MYKAQZ,0
ID_0N6C2N6,0
ID_0NJQCGC,0
ID_0OAUZNX,0
ID_0OL4F1B,0
ID_0OMLTID,0
ID_0OY6BWD,0
ID_0P00KVT,0
ID_0PAPPE2,0
ID_0PN2IUA,0
ID_0PTKX7R,0
ID_0PX089J,0
ID_0QAIYP3,0
ID_0QVH8HX,0
ID_0R6HJO3,0
ID_0RUSK9F,0
ID_0S36X1H,0
ID_0S5RPSJ,0
ID_0SJ3H22,0
ID_0SZIJZ7,0
ID_0TID8MD,0
ID_0TJC688,0
ID_0TOAZDD,0
ID_0U0IV3B,0
ID_0U1TI1O,0
ID_0U2JJH6,0
ID_0UI62ZC,0
ID_0VN4TA9,0
ID_0VP4IPU,0
ID_0VSJD2V,0
ID_0VW4ENS,0
ID_0W133BB,0
ID_0W6U1P0,0
ID_0WEZF2R,0
ID_0WI1PKC,0
ID_0WKE4HV,0
ID_0WQ94Q2,0
ID_0XA9BJM,0
ID_0XBP65Y,0
ID_0XIYCXO,0
ID_0XKWIGE,0
ID_0XSQLZG,0
ID_0XWTUD1,0
ID_0XYBQSZ,0
ID_0YE8LFM,0
ID_0YY2WTH,0
ID_0Z10C2X,0
ID_0Z8TVZC,0
ID_0ZP5N8A,0
ID_113L0WC,0
ID_11AU4HY,0
ID_11EROXI,0
ID_11Q7JFW,0
ID_12F0WZ0,0
ID_12JBK0S,0
ID_12K0XP0,0
ID_12KXYR1,0
ID_12L79QD,0
ID_12LAA0M,0
ID_12NPPPD,0
ID_12TPVNY,0
ID_12Y5X5R,0
ID_1356UKQ,0
ID_13B9VIA,0
ID_143MN1S,0
ID_14AKHZE,0
ID_14E64YO,0
ID_14PTJAR,0
ID_14S5U7A,0
ID_15E6VNK,0
ID_15K91I2,0
ID_15SYX16,0
ID_16DIXRV,0
ID_16OAMMO,0
ID_16YCJRD,0
ID_170T0LO,0
ID_175ACEH,0
ID_1768G0P,0
ID_17OYE42,0
ID_17WW8KF,0
ID_180DQ5U,0
ID_184JVY5,0
ID_18GG600,0
ID_18MZT4E,0
ID_18QLQ62,0
ID_18UUIRL,0
ID_18YKWD3,0
ID_19UUO43,0
ID_19Y74F3,0
ID_1A0VMKS,0
ID_1A892BZ,0
ID_1A9SMQ4,0
ID_1A9V9ML,0
ID_1AP8VDQ,0
ID_1AR5HGZ,0
ID_1ASJKAW,0
ID_1AWLOQQ,0
ID_1B9UMA7,0
ID_1BB9A3U,0
ID_1BHINKZ,0
ID_1BRV8ZH,0
ID_1BV9LS8,0
ID_1BZ4SGI,0
ID_1CE0FXA,0
ID_1CHAISE,0
ID_1CILLFH,0
ID_1CUHNW9,0
ID_1D1CUXY,0
ID_1D8J5GS,0
ID_1DGETB8,0
ID_1DRQX95,0
ID_1DSNYM0,0
ID_1DY15LV,0
ID_1E1C3IN,0
ID_1EU98YU,0
ID_1F1KOTL,0
ID_1F7S4BX,0
ID_1FC32UG,0
ID_1FD0H6F,0
ID_1FHXVVL,0
ID_1FON9ZU,0
ID_1FONKDO,0
ID_1G03J8R,0
ID_1G26QYF,0
ID_1G3M9F5,0
ID_1GJMKH8,0
ID_1GORHQO,0
ID_1GRNDTV,0
ID_1H1949N,0
ID_1H4EQGJ,0
ID_1HR9YCN,0
ID_1I1GQ3B,0
ID_1I87VCD,0
ID_1IBR2FN,0
ID_1IJ9TAX,0
ID_1IOH6IG,0
ID_1IP9XYK,0
ID_1IR08CE,0
ID_1JLFW3I,0
ID_1JM61EH,0
ID_1K31TOD,0
ID_1K9H7A9,0
ID_1K9O4VQ,0
ID_1K9S9PM,0
ID_1LWKHOD,0
ID_1M3V3OB,0
ID_1M542KV,0
ID_1MBI8HQ,0
ID_1MG781S,0
ID_1MHPLTV,0
ID_1MHQM57,0
ID_1N81W1F,0
ID_1N8NSH1,0
ID_1NA8QXB,0
ID_1NSSW40,0
ID_1NXOYQN,0
ID_1O3ORS6,0
ID_1O6QEW2,0
ID_1OFPCFC,0
ID_1OIPLKX,0
ID_1OV9QC8,0
ID_1OW6ULE,0
ID_1P21O2K,0
ID_1Q6TUEM,0
ID_1QAE16E,0
ID_1QKTLJE,0
ID_1QQW9CU,0
ID_1QXEK1Q,0
ID_1R88X44,0
ID_1RQD2X8,0
ID_1RQEO23,0
ID_1RR0Y6C,0
ID_1RYA8B5,0
ID_1RZN8I3,0
ID_1SLR71V,0
ID_1SPJ5KJ,0
ID_1TERHVW,0
ID_1TPBBKA,0
ID_1UGT796,0
ID_1UJ8VNU,0
ID_1UM1SD7,0
ID_1UON1RT,0
ID_1USODE9,0
ID_1V61S22,0
ID_1VIMY32,0
ID_1VP88Q5,0
ID_1VXPHKN,0
ID_1W7KDTX,0
ID_1WGTE95,0
ID_1WHGD9Z,0
ID_1WLRCU0,0
ID_1Y4QA23,0
ID_1YGRUKF,0
ID_1YIMUR2,0
ID_1YPQLO4,0
ID_1YPW4YF,0
ID_1YRBDWT,0
ID_1YSJYCT,0
ID_1YUKTX0,0
ID_1YW7WT1,0
ID_1ZI8M7E,0
ID_1ZI8ZSZ,0
ID_1ZN0OXL,0
ID_1ZZU3IR,0
ID_201YBKV,0
ID_20UYMD5,0
ID_20ZBT5M,0
ID_21JC8PX,0
ID_21M5HDF,0
ID_21Q87AQ,0
ID_21Y1625,0
ID_227JP4E,0
ID_22LQQCL,0
ID_22VCTJH,0
ID_23HUXCY,0
ID_244J85K,0
ID_24DO5TD,0
ID_24HJ429,0
ID_24RO02C,0
ID_24UQJ5I,0
ID_24VH4H4,0
ID_2510O5K,0
ID_2561ZGJ,0
ID_25737E9,0
ID_25FFK0U,0
ID_25GK2TA,0
ID_25U943Y,0
ID_2631X14,0
ID_267N5A8,0
ID_26OH07T,0
ID_275R74C,0
ID_2784CAE,0
ID_27A3MXP,0
ID_27GPOIC,0
ID_27ZXFSM,0
ID_289CWU4,0
ID_28HZNAW,0
ID_29HHTBH,0
ID_29NSVUG,0
ID_2AAGRFG,0
ID_2ABSZ63,0
ID_2AC1Z4Y,0
ID_2AH7622,0
ID_2AI4597,0
ID_2AKGWGH,0
ID_2ARTP8N,0
ID_2ARZ1OL,0
ID_2B2FYSI,0
ID_2B3U82F,0
ID_2B4LFD4,0
ID_2BBMC11,0
ID_2BVP5QV,0
ID_2C29BYK,0
ID_2CI255X,0
ID_2CJ7OBH,0
ID_2CT3X8N,0
ID_2D0ZF96,0
ID_2D53IE6,0
ID_2D6EHYA,0
ID_2DHVG75,0
ID_2DK2I9W,0
ID_2DT0PJS,0
ID_2DWLEUN,0
ID_2FZDZX5,0
ID_2GLHU2R,0
ID_2GRADCM,0
ID_2H2K4QE,0
ID_2HAVF9U,0
ID_2HBAGMF,0
ID_2HCFOE3,0
ID_2HD6EMN,0
ID_2IPH3V2,0
ID_2IULJOQ,0
ID_2J39IY5,0
ID_2J91RQQ,0
ID_2JJJR1T,0
ID_2JSR910,0
ID_2K2MG9U,0
ID_2K3RDPM,0
ID_2K5QZCI,0
ID_2KYAI1S,0
ID_2L2XPWT,0
ID_2L3UQAQ,0
ID_2L6PZ74,0
ID_2LG7ELQ,0
ID_2LHDLZ0,0
ID_2LJOQ5D,0
ID_2LKX7FF,0
ID_2LLN3RR,0
ID_2LOS5ES,0
ID_2LQRKG1,0
ID_2LR908L,0
ID_2M1723N,0
ID_2M56R6U,0
ID_2NE9LF8,0
ID_2NI8701,0
ID_2O01PIZ,0
ID_2O2VKQ1,0
ID_2O615LV,0
ID_2O8MDN1,0
ID_2OGUYV5,0
ID_2OJELUD,0
ID_2P5J05Q,0
ID_2P6C6WU,0
ID_2P9A91D,0
ID_2PF508C,0
ID_2QGOGUG,0
ID_2QUCZHP,0
ID_2QXJ155,0
ID_2RAZSFL,0
ID_2S1SA17,0
ID_2SN4NYW,0
ID_2SVBW24,0
ID_2SVV6TY,0
ID_2TFOLIP,0
ID_2TJW4R9,0
ID_2TMOD9L,0
ID_2TUDUXX,0
ID_2U06F00,0
ID_2U4O2QH,0
ID_2U5W13T,0
ID_2UU5LBG,0
ID_2UVAC12,0
ID_2UWMIZE,0
ID_2UWP67K,0
ID_2V1N6YR,0
ID_2VKQNUQ,0
ID_2VKUIGB,0
ID_2VPH6G5,0
ID_2W10P7R,0
ID_2WMETFE,0
ID_2WWVDEM,0
ID_2X1581O,0
ID_2X74CKF,0
ID_2XEQV61,0
ID_2XGFHUK,0
ID_2XNO0CI,0
ID_2XZ8RW4,0
ID_2Y0JRLS,0
ID_2Y6KGFL,0
ID_2Y7QBWE,0
ID_2YGWAXS,0
ID_2Z3GNJ7,0
ID_2Z7D1E4,0
ID_2ZPD3H5,0
ID_2ZZDX4U,0
ID_30MTKD4,0
ID_30SQGTI,0
ID_3135HEJ,0
ID_314XWHF,0
ID_316M480,0
ID_3197J32,0
ID_31LQUXB,0
ID_31OL8N9,0
ID_31P0K34,0
ID_31S974X,0
ID_31VG5OD,0
ID_31X3S4S,0
ID_320G6KR,0
ID_325I9UL,0
ID_32C0A33,0
ID_32FN3HQ,0
ID_32I1MK2,0
ID_32WL3RQ,0
ID_338D1QS,0
ID_33CICFM,0
ID_33HCGBA,0
ID_33VTXDE,0
ID_34KLMJ7,0
ID_34RG8OS,0
ID_34SJ0WO,0
ID_34V2JD1,0
ID_35G6I2L,0
ID_35JICYR,0
ID_35JUCCR,0
ID_35ZXXLS,0
ID_36ET6KK,0
ID_36UKYPU,0
ID_36WM0DR,0
ID_36YBCNE,0
ID_3780D61,0
ID_37CW7JW,0
ID_37HY8AB,0
ID_37SOGMD,0
ID_37VMDPX,0
ID_380WJDR,0
ID_384VERI,0
ID_38IIV7O,0
ID_38KAWTD,0
ID_38P7DL6,0
ID_38SMIQ3,0
ID_39IKGU7,0
ID_3ADSMO6,0
ID_3AZ7084,0
ID_3B0USFM,0
ID_3B2AGCH,0
ID_3B2N7LV,0
ID_3BLI4JU,0
ID_3BZXI1M,0
ID_3C89EGH,0
ID_3CFOCEH,0
ID_3CWVNIB,0
ID_3D1Q7KS,0
ID_3DOUXL1,0
ID_3DSTX6U,0
ID_3EF5555,0
ID_3EZTTLM,0
ID_3F5WLPB,0
ID_3F65EZE,0
ID_3FHXKYK,0
ID_3FJUY1L,0
ID_3FOTVHV,0
ID_3FSJDYW,0
ID_3FSVEYH,0
ID_3FXC4NJ,0
ID_3G6BH28,0
ID_3GAFGHM,0
ID_3GIUFXV,0
ID_3GT7ELP,0
ID_3H6M444,0
ID_3HW5O7J,0
ID_3I0E5SI,0
ID_3I78S34,0
ID_3IGGVY7,0
ID_3IHZM9P,0
ID_3JDNHYD,0
ID_3JHJA0D,0
ID_3K4ZNI2,0
ID_3KG05AM,0
ID_3KLBQWQ,0
ID_3KLY29V,0
ID_3KRL0KA,0
ID_3KY2HRR,0
ID_3L0TL77,0
ID_3LALF1T,0
ID_3LH8K69,0
ID_3LI82PK,0
ID_3LJCXKL,0
ID_3MLVS4D,0
ID_3MSHMQW,0
ID_3N5GY5J,0
ID_3N5YL9I,0
ID_3NQIR2Y,0
ID_3NUMWXI,0
ID_3O5WA1B,0
ID_3OA0G45,0
ID_3OACKAV,0
ID_3OBAE0P,0
ID_3OCXWTR,0
ID_3OH4H7Z,0
ID_3OJJYOO,0
ID_3OLL3A8,0
ID_3OOLBQK,0
ID_3OZ1ECT,0
ID_3PJINAD,0
ID_3PSQ5Y1,0
ID_3Q24XX0,0
ID_3Q78KPI,0
ID_3QWGV4P,0
ID_3R1U990,0
ID_3RE4YD7,0
ID_3RL42O9,0
ID_3ROQRCG,0
ID_3RQ6DDU,0
ID_3S12X2P,0
ID_3SCYD4I,0
ID_3SEAAV1,0
ID_3SJ51XN,0
ID_3SS1WAG,0
ID_3SSHPBX,0
ID_3THULSJ,0
ID_3TKP4M2,0
ID_3U2L8FG,0
ID_3UPC4K8,0
ID_3UQPLRS,0
ID_3UXYHLZ,0
ID_3VAANJU,0
ID_3WFAQTF,0
ID_3X3JNXB,0
ID_3X3WNTR,0
ID_3X6ZPPU,0
ID_3XV72VY,0
ID_3XVJ4YN,0
ID_3Y1EW0W,0
ID_3YE6B16,0
ID_3YJWZ4W,0
ID_3YOY6QJ,0
ID_3YYQCTI,0
ID_3Z6YNGA,0
ID_3ZICWBL,0
ID_3ZWA47Q,0
ID_40WNOAQ,0
ID_41D69Z1,0
ID_41DGDBX,0
ID_41I2KH0,0
ID_41NWH0G,0
ID_41QVH42,0
ID_41V43DG,0
ID_42YEFMZ,0
ID_43AGYEM,0
ID_43MSMIY,0
ID_43QM7TX,0
ID_441XN7L,0
ID_447EMXP,0
ID_44CYNBL,0
ID_44FT40G,0
ID_44JR273,0
ID_44NBH9P,0
ID_44PIBC6,0
ID_44VHSDH,0
ID_44XEX1S,0
ID_45BZ8KN,0
ID_45L9KJX,0
ID_45S72TX,0
ID_45UIGDD,0
ID_462NQ6G,0
ID_46CCJVQ,0
ID_46DT6LR,0
ID_476JW08,0
ID_47DZJ44,0
ID_47FSAQ3,0
ID_487R2ER,0
ID_487XLC3,0
ID_488IZ8W,0
ID_48BP60K,0
ID_48BZKV6,0
ID_48P41GF,0
ID_48R3MES,0
ID_48Y2QMS,0
ID_4984UXZ,0
ID_49K22M5,0
ID_49NB4TW,0
ID_49Q5M8L,0
ID_4A2XVF9,0
ID_4A8L1WP,0
ID_4AN1ETY,0
ID_4B5MF8V,0
ID_4BCQVLT,0
ID_4C5B123,0
ID_4CCL6QC,0
ID_4COML83,0
ID_4CQHTP8,0
ID_4CYFZYJ,0
ID_4D0TY7S,0
ID_4D2927C,0
ID_4D68TVI,0
ID_4DT2B5Z,0
ID_4E0BDFW,0
ID_4E0HUGT,0
ID_4E3EGN3,0
ID_4E551E7,0
ID_4E8I9RO,0
ID_4EFVX67,0
ID_4ENHKL5,0
ID_4ESGY19,0
ID_4F01108,0
ID_4F8C4NH,0
ID_4FZEG9E,0
ID_4FZU00T,0
ID_4G6OD17,0
ID_4GEG8TY,0
ID_4GND6PG,0
ID_4GOWWS1,0
ID_4GUSFBM,0
ID_4GX8VUR,0
ID_4H5X91E,0
ID_4HOZPIV,0
ID_4HPRPPX,0
ID_4HWMHOJ,0
ID_4HYK82C,0
ID_4I0VOJC,0
ID_4I3O3D8,0
ID_4IV59U8,0
ID_4J3FHW9,0
ID_4J959U4,0
ID_4J9ZLXJ,0
ID_4JLTBPB,0
ID_4JP46I4,0
ID_4KBG2JM,0
ID_4KK2ECZ,0
ID_4KM1M1P,0
ID_4KSURGT,0
ID_4KTAF3Y,0
ID_4KVCIBH,0
ID_4LIG2U7,0
ID_4LVI5EG,0
ID_4MA0ULH,0
ID_4MJL7MQ,0
ID_4N21156,0
ID_4N9L0G2,0
ID_4NI9B8A,0
ID_4NRO90W,0
ID_4PWZZLE,0
ID_4Q376O3,0
ID_4QBSOU6,0
ID_4QH4OCN,0
ID_4QIAXMQ,0
ID_4R1LYQP,0
ID_4R4YHNF,0
ID_4RPHQDK,0
ID_4RQAUT3,0
ID_4SB0YLL,0
ID_4SCA2BT,0
ID_4SMZ3ZC,0
ID_4T9OTEJ,0
ID_4T9RHH8,0
ID_4TDVQEM,0
ID_4U8E88K,0
ID_4VE98IV,0
ID_4VHOOW1,0
ID_4VSKBSV,0
ID_4VW1JG8,0
ID_4W18QNK,0
ID_4W7O08X,0
ID_4WIYF9Z,0
ID_4WSN546,0
ID_4YIMPBF,0
ID_4YNX5VX,0
ID_4YX3B30,0
ID_4ZFSWNS,0
ID_4ZRRF39,0
ID_4ZRSLB3,0
ID_50EUQ0L,0
ID_50FIBRH,0
ID_519EJDV,0
ID_51US2PF,0
ID_53LLDJS,0
ID_53PDWD2,0
ID_542D81V,0
ID_542SPU2,0
ID_543T4OB,0
ID_54RDPSL,0
ID_54Z726T,0
ID_55FCXPG,0
ID_55S6JES,0
ID_55VNQ92,0
ID_567ZAQW,0
ID_5682OL2,0
ID_56EXXHA,0
ID_56I9H5A,0
ID_56KMB77,0
ID_56NPSTZ,0
ID_56W0JXO,0
ID_57RQG8M,0
ID_58P8DRM,0
ID_58T7FI3,0
ID_58W38SL,0
ID_597XQEM,0
ID_59A87I2,0
ID_59N3T1Y,0
ID_5AB1W32,0
ID_5AR9T9X,0
ID_5B4KJ9L,0
ID_5B50PL0,0
ID_5B6V98F,0
ID_5B9U6TJ,0
ID_5BTCLBV,0
ID_5BUL87R,0
ID_5C3PAE4,0
ID_5C3SYB6,0
ID_5D3B5KF,0
ID_5DCUPH1,0
ID_5DL14GC,0
ID_5E6XVUU,0
ID_5E8SAS4,0
ID_5EDQ7W1,0
ID_5EFQ9N3,0
ID_5FFQL5R,0
ID_5FIMOJ2,0
ID_5FWCPID,0
ID_5G2I6RG,0
ID_5HEOXG3,0
ID_5HOVN8N,0
ID_5HUPGBM,0
ID_5I4C4FI,0
ID_5IC2193,0
ID_5J7KV7D,0
ID_5J8G32Q,0
ID_5JHYA2L,0
ID_5JJQGZX,0
ID_5JS3778,0
ID_5K809A9,0
ID_5KD0JFS,0
ID_5KW9KDE,0
ID_5LNAVH7,0
ID_5LTEML8,0
ID_5LZRLDI,0
ID_5MAHPKR,0
ID_5MXINK3,0
ID_5NRST2I,0
ID_5OK8GBX,0
ID_5P7C0AN,0
ID_5PQWEO2,0
ID_5Q85LZ1,0
ID_5Q93Q9C,0
ID_5QLY29M,0
ID_5QT0CKS,0
ID_5RGOV9J,0
ID_5RH3ML9,0
ID_5RMTJFN,0
ID_5RRSNX8,0
ID_5S4FM6E,0
ID_5SVOBDN,0
ID_5T0NQNC,0
ID_5TEUB2O,0
ID_5TK6Q6V,0
ID_5TL6ZHR,0
ID_5TQAMK8,0
ID_5TQU4WR,0
ID_5TRKUIB,0
ID_5UA61AO,0
ID_5UHKF9I,0
ID_5UNWWXZ,0
ID_5UQWWTO,0
ID_5V72SEU,0
ID_5W5B7G5,0
ID_5WHN8X7,0
ID_5WYYXJ6,0
ID_5X0TO3K,0
ID_5X9DBLA,0
ID_5XAI6D6,0
ID_5XC37WT,0
ID_5XJ18VT,0
ID_5XO1VJJ,0
ID_5Y3A8BE,0
ID_5YCSP6V,0
ID_5YFBNIV,0
ID_5YHDZFC,0
ID_5YV4WQF,0
ID_5Z1BALW,0
ID_5Z6I5U9,0
ID_5ZDFTAE,0
ID_5ZETLRN,0
ID_5ZQ0W7S,0
ID_601083A,0
ID_606NEYQ,0
ID_60S0PH4,0
ID_60W2YPO,0
ID_60ZAZSF,0
ID_61JUKPE,0
ID_61V1VLK,0
ID_61V7TLI,0
ID_61WJKEQ,0
ID_61XRJ9F,0
ID_61YHUPM,0
ID_62PA5ER,0
ID_636FWY8,0
ID_63DYHKN,0
ID_63H3SYA,0
ID_63HEUQN,0
ID_63HF165,0
ID_63XEAW4,0
ID_63Y3KE7,0
ID_644U7VF,0
ID_645ADGM,0
ID_64A9X07,0
ID_64Z2XN4,0
ID_64ZCGQF,0
ID_65DFG16,0
ID_65F160A,0
ID_65KWFXT,0
ID_65MICD7,0
ID_65U8Z66,0
ID_65W54GY,0
ID_65ZO1JA,0
ID_668QGOM,0
ID_66M9ADQ,0
ID_66SR1VL,0
ID_67LQS3M,0
ID_67XKSR3,0
ID_67YV8NK,0
ID_683MG74,0
ID_6849PGG,0
ID_68NHKW0,0
ID_699PEXB,0
ID_6A4SQ6V,0
ID_6A8UDMH,0
ID_6AC7IOY,0
ID_6ANHTUM,0
ID_6BN72MC,0
ID_6BUHI5A,0
ID_6C2MXIJ,0
ID_6CJW64W,0
ID_6CSH42B,0
ID_6D17H92,0
ID_6D60ZIO,0
ID_6D7K301,0
ID_6DGFX3G,0
ID_6DN449R,0
ID_6DXTRT4,0
ID_6E7U3J2,0
ID_6FE1VYI,0
ID_6FLE0NQ,0
ID_6FVS0UE,0
ID_6GESQS3,0
ID_6GL25ZE,0
ID_6GRJ8VT,0
ID_6GSMVEW,0
ID_6H5G06R,0
ID_6HLCE05,0
ID_6HZL8Z1,0
ID_6I37JUV,0
ID_6I77MTH,0
ID_6IK0BHJ,0
ID_6IM3FDM,0
ID_6IOTXI6,0
ID_6IX9QY1,0
ID_6J67ZMY,0
ID_6J6D8I2,0
ID_6JEYVLP,0
ID_6JFEWTM,0
ID_6JKHKXU,0
ID_6JSEO5B,0
ID_6K3O0LW,0
ID_6K7JUSR,0
ID_6K9C54Q,0
ID_6KAEC3N,0
ID_6KCQ5JJ,0
ID_6KRSQVK,0
ID_6LMQYZE,0
ID_6LQBFPC,0
ID_6LYAYBH,0
ID_6MMI1RC,0
ID_6MNDV4T,0
ID_6MY8F6V,0
ID_6N2O52Y,0
ID_6NAC8BV,0
ID_6NAULSX,0
ID_6NH3AX4,0
ID_6NJQMYS,0
ID_6NW6V26,0
ID_6O2HJP2,0
ID_6OHI5EP,0
ID_6OSKBIM,0
ID_6P7K3PH,0
ID_6PLX85E,0
ID_6PLZ03S,0
ID_6QEYJQ4,0
ID_6QGYPS0,0
ID_6RE9WU7,0
ID_6REMX5Z,0
ID_6RFVSWF,0
ID_6RUGZD7,0
ID_6RWIK4W,0
ID_6RWJVDP,0
ID_6SFYBBN,0
ID_6SL48NX,0
ID_6SNALK4,0
ID_6T11HPK,0
ID_6TGHF7G,0
ID_6TSOTUK,0
ID_6U82NK7,0
ID_6U86LWB,0
ID_6UXAD0C,0
ID_6V1LSLR,0
ID_6VOE72D,0
ID_6VQYSYR,0
ID_6W55QIO,0
ID_6WIKZA4,0
ID_6XH94QP,0
ID_6XLUCSR,0
ID_6XUADYP,0
ID_6Y06EO6,0
ID_6Y8D9WK,0
ID_6YWGCLC,0
ID_6Z614K9,0
ID_6ZDBTP1,0
ID_6ZMGQZM,0
ID_6ZP48JK,0
ID_6ZWQOGV,0
ID_6ZYACOB,0
ID_70R9QYC,0
ID_70RHUXF,0
ID_70RQS6J,0
ID_711ZYEQ,0
ID_718SQJL,0
ID_71LZLY3,0
ID_71RTJ1H,0
ID_72DLJBT,0
ID_72FP16X,0
ID_72QXLMW,0
ID_72Y49VQ,0
ID_730WY8I,0
ID_73AOIW9,0
ID_73DNZU2,0
ID_73Q1LWK,0
ID_74DW007,0
ID_74KMVXE,0
ID_74M8WXW,0
ID_74QJ7D5,0
ID_7545YI0,0
ID_75486RH,0
ID_763DTAV,0
ID_76ILCPX,0
ID_76PJNB8,0
ID_76QSAEM,0
ID_770ADXK,0
ID_77SWLN9,0
ID_77X4M6R,0
ID_78CCJ1W,0
ID_78I3LO2,0
ID_78N1D07,0
ID_78S6Y0K,0
ID_78Y5THE,0
ID_79L4P0R,0
ID_7ALCHGD,0
ID_7AOPQ7I,0
ID_7ATNABD,0
ID_7AXGX5N,0
ID_7AXWSZ8,0
ID_7B58W8F,0
ID_7B6Z115,0
ID_7B7Y1AR,0
ID_7BFZAPB,0
ID_7BIQNA0,0
ID_7BQ1T4I,0
ID_7CEBEHH,0
ID_7CPR6R1,0
ID_7CRMA4A,0
ID_7CWYG5G,0
ID_7DC8WX2,0
ID_7DJ6GXA,0
ID_7DNF7J3,0
ID_7DP4IRV,0
ID_7DS4SKW,0
ID_7DWXMQY,0
ID_7E691VP,0
ID_7ESW1SZ,0
ID_7FB748D,0
ID_7GZYO3D,0
ID_7H6F3PJ,0
ID_7HBIKEH,0
ID_7HCN8G3,0
ID_7HJQ7CZ,0
ID_7HSCQJM,0
ID_7HW4BSL,0
ID_7HZUZXX,0
ID_7I1HYH0,0
ID_7I1LUMY,0
ID_7I9HF9M,0
ID_7III64V,0
ID_7ISZM8B,0
ID_7IUE1AR,0
ID_7JEVHIT,0
ID_7JRLHSQ,0
ID_7K65MFA,0
ID_7K74VWH,0
ID_7K7L2ML,0
ID_7KC6FD2,0
ID_7KUIXXW,0
ID_7KVCTDH,0
ID_7L11AQF,0
ID_7L1QY8Z,0
ID_7L5CZWD,0
ID_7L7M8J6,0
ID_7LB8AP1,0
ID_7LM8WNB,0
ID_7MB3CWX,0
ID_7MB4B3F,0
ID_7MB9CN1,0
ID_7MI9SFB,0
ID_7MKNEUA,0
ID_7N64CR3,0
ID_7NELUMG,0
ID_7NQ9PAK,0
ID_7NR24KO,0
ID_7OQYKCV,0
ID_7ORGNYK,0
ID_7P5B1FS,0
ID_7PF8LPD,0
ID_7QZHM71,0
ID_7RVPYO5,0
ID_7RZZD7L,0
ID_7S2U4U5,0
ID_7S8MDLL,0
ID_7SGAMP2,0
ID_7SLLMBO,0
ID_7SMI4MK,0
ID_7SZ9RM5,0
ID_7TCHSXC,0
ID_7TOS13E,0
ID_7UKFA7S,0
ID_7URN926,0
ID_7UU5VYX,0
ID_7V2332A,0
ID_7VER1BP,0
ID_7VJVSTX,0
ID_7VMJ2O9,0
ID_7WAGB86,0
ID_7WEOQSA,0
ID_7X1VG7O,0
ID_7XBF01I,0
ID_7XDFNX5,0
ID_7XLFXI7,0
ID_7XUSFIH,0
ID_7XX101A,0
ID_7Y0GYAU,0
ID_7Y0M374,0
ID_7Y4QV3V,0
ID_7Y6D01C,0
ID_7Z1Z0CR,0
ID_7Z2GNSF,0
ID_7Z3BIUA,0
ID_7ZD7Z4J,0
ID_7ZH5WAJ,0
ID_7ZZ8W3K,0
ID_801WUDB,0
ID_80I6IP7,0
ID_80IG240,0
ID_80J2EKL,0
ID_80K1GCY,0
ID_80QA00S,0
ID_80UY1GB,0
ID_810FI4T,0
ID_810XP4K,0
ID_817MAPV,0
ID_81FOB1Z,0
ID_81QNVAT,0
ID_81ZDS4O,0
ID_8232P8E,0
ID_8297J7C,0
ID_82OB875,0
ID_82ZMS27,0
ID_83JPSIE,0
ID_83M3D6U,0
ID_83NJU2D,0
ID_846NLDV,0
ID_84QM19R,0
ID_84VO8ZW,0
ID_84XWM6C,0
ID_854V6UG,0
ID_85JUGZR,0
ID_85OB6ZC,0
ID_85VF2IW,0
ID_85WVVII,0
ID_86HV8O6,0
ID_86IDRUH,0
ID_86MCHH1,0
ID_86XSH2I,0
ID_873ZINE,0
ID_87F8FOW,0
ID_87W6BH3,0
ID_88CDX1I,0
ID_88QSD9E,0
ID_88WQUVE,0
ID_891LI26,0
ID_895GZT2,0
ID_8A06DUD,0
ID_8A3L9TV,0
ID_8A4GDV4,0
ID_8AITLOB,0
ID_8AVGUUO,0
ID_8B73ONC,0
ID_8BGO1Y3,0
ID_8BIKNAU,0
ID_8BKKZM2,0
ID_8BY93PD,0
ID_8C66E3Z,0
ID_8C83IUG,0
ID_8CBS6DL,0
ID_8CSKPJM,0
ID_8CY8NDY,0
ID_8CZR1LF,0
ID_8D7NPOM,0
ID_8DAVEUZ,0
ID_8DKN0GY,0
ID_8DQGHCG,0
ID_8DU6ZHR,0
ID_8EI0QE5,0
ID_8EM5IXU,0
ID_8EMDQRO,0
ID_8EO64CU,0
ID_8F7DOSU,0
ID_8FBLISE,0
ID_8FNBBUQ,0
ID_8FR72GB,0
ID_8FZC0SM,0
ID_8G6P38J,0
ID_8GECFBJ,0
ID_8GP2S34,0
ID_8HCPTJZ,0
ID_8HGGZJE,0
ID_8HL55JT,0
ID_8HQMEO6,0
ID_8HTK1W3,0
ID_8HVOKXN,0
ID_8IBUVCA,0
ID_8IPSWAA,0
ID_8J717T7,0
ID_8JB9PB3,0
ID_8JL4M4O,0
ID_8JMDAF4,0
ID_8JTYTK5,0
ID_8JWH7OA,0
ID_8KJMIOE,0
ID_8LJANQW,0
ID_8LK5E68,0
ID_8LKDEV8,0
ID_8MA34FL,0
ID_8MC8CMZ,0
ID_8MKFZJO,0
ID_8MNOUJT,0
ID_8MX4FEI,0
ID_8NIKH2X,0
ID_8NQXT1E,0
ID_8OH1PQW,0
ID_8OJ7UQG,0
ID_8OMGZ9J,0
ID_8P0YVNS,0
ID_8P1UAO4,0
ID_8P6MQ33,0
ID_8PLHP12,0
ID_8PQLSGJ,0
ID_8PZU2NJ,0
ID_8Q90QCI,0
ID_8QB3YXM,0
ID_8QKS21F,0
ID_8R4YY9U,0
ID_8R7NY1W,0
ID_8RTVYVQ,0
ID_8SJRLC0,0
ID_8SSN3XJ,0
ID_8T4A0PY,0
ID_8TGV9ZF,0
ID_8THS9YO,0
ID_8TJ3OWY,0
ID_8TOR0F6,0
ID_8TU80AY,0
ID_8U7HI0C,0
ID_8UG0JMI,0
ID_8UGA6V5,0
ID_8UIW64K,0
ID_8UUA4WI,0
ID_8V3R0TR,0
ID_8V4I3J3,0
ID_8VZFT21,0
ID_8W25U0S,0
ID_8W2KT1L,0
ID_8WII4K8,0
ID_8XQOH5A,0
ID_8XSGO85,0
ID_8YH8M4T,0
ID_8YKW72J,0
ID_8YLI1EJ,0
ID_8YS7CTS,0
ID_8YW5S9W,0
ID_8YZ9EZW,0
ID_8Z5TOFH,0
ID_8Z6Y4DJ,0
ID_8ZG1KOO,0
ID_8ZN51GT,0
ID_8ZPJNQ6,0
ID_8ZSID4U,0
ID_8ZYO16C,0
ID_8ZYS3LL,0
ID_90A44G9,0
ID_90CB287,0
ID_90PZM8H,0
ID_90QPOX2,0
ID_9109CJ3,0
ID_91BJX6L,0
ID_925DVG4,0
ID_92LGNIM,0
ID_92YSVHG,0
ID_93GBJMP,0
ID_93J9V24,0
ID_93QZ9EK,0
ID_93VH86X,0
ID_93ZHN1R,0
ID_9445TL3,0
ID_945483Z,0
ID_94EWRCD,0
ID_94FBGEE,0
ID_94LZJ5B,0
ID_94O2ODJ,0
ID_95AR484,0
ID_96EY6QN,0
ID_96MFYVH,0
ID_96R43NJ,0
ID_96RE34N,0
ID_96W2461,0
ID_97L8AQ5,0
ID_97QYD1C,0
ID_9850WGO,0
ID_989BHGI,0
ID_98T2YQ7,0
ID_99ERX3R,0
ID_99U23Y4,0
ID_99UCALJ,0
ID_99WA45E,0
ID_99ZPLHQ,0
ID_9AFR086,0
ID_9AG5KT7,0
ID_9ALJE5E,0
ID_9B13OWE,0
ID_9BBJBPF,0
ID_9BFV1B7,0
ID_9BYFZ8W,0
ID_9C9JJRH,0
ID_9CKI2UC,0
ID_9CQWOJF,0
ID_9D124OR,0
ID_9D22AZT,0
ID_9D2ZKY0,0
ID_9D7HOJH,0
ID_9D9VOHX,0
ID_9DG3ZLX,0
ID_9DH4HYC,0
ID_9DI2662,0
ID_9DOJLPF,0
ID_9DWF42Z,0
ID_9E027WX,0
ID_9E1NCG0,0
ID_9E67VDC,0
ID_9EE2IJX,0
ID_9EM97L6,0
ID_9ENA12U,0
ID_9EU4QW1,0
ID_9EWJQH6,0
ID_9FCMYFD,0
ID_9FKXNBT,0
ID_9G9ICCK,0
ID_9GI6YKH,0
ID_9GLSTNN,0
ID_9H79TBJ,0
ID_9HMSW2V,0
ID_9HXU1RM,0
ID_9I792H1,0
ID_9IIFSQI,0
ID_9IJ22GA,0
ID_9IJJCQB,0
ID_9IQYVSG,0
ID_9IVL4S1,0
ID_9IYOZVW,0
ID_9JWL0PW,0
ID_9KFTCP6,0
ID_9KRD2TT,0
ID_9KTZ0AP,0
ID_9KWQ83C,0
ID_9KZIKEG,0
ID_9L0595F,0
ID_9L3TP47,0
ID_9LEMRZ6,0
ID_9LIW20W,0
ID_9LNHCD0,0
ID_9LR9KY6,0
ID_9M3KVVR,0
ID_9M5IDAL,0
ID_9MC6FLY,0
ID_9MTNTPM,0
ID_9N42TZL,0
ID_9NDOL16,0
ID_9NDS9C9,0
ID_9O1JGZH,0
ID_9OBM15I,0
ID_9OJCYG0,0
ID_9OKEHR4,0
ID_9OYUARM,0
ID_9PEMM2Y,0
ID_9PFFSRQ,0
ID_9PH4QRV,0
ID_9POXGLW,0
ID_9QC5U0I,0
ID_9QCUYC7,0
ID_9QGR23A,0
ID_9QSLMJO,0
ID_9QXRUS9,0
ID_9QZB2KG,0
ID_9RCGSQG,0
ID_9RNM1U9,0
ID_9S4N8ZN,0
ID_9S81WZ0,0
ID_9S8OYKH,0
ID_9SHO7PR,0
ID_9SJFJXD,0
ID_9SWSG86,0
ID_9TASG5K,0
ID_9TF3XTH,0
ID_9TJAIEG,0
ID_9UV9BDH,0
ID_9UXL5VE,0
ID_9V3FKB9,0
ID_9V7ZSL0,0
ID_9VCH5K0,0
ID_9VHAM97,0
ID_9VRF9HA,0
ID_9W6HWF7,0
ID_9WDZOMB,0
ID_9XBHRQC,0
ID_9XI3T49,0
ID_9XI4SHG,0
ID_9XIUQ6X,0
ID_9XSE96G,0
ID_9Y14HPH,0
ID_9Y5WSCF,0
ID_9YEDPVE,0
ID_9YTLV40,0
ID_9Z4L7R0,0
ID_9ZB0QTY,0
ID_A0MDIY4,0
ID_A0W3TVR,0
ID_A0ZNWZ6,0
ID_A1GC9KN,0
ID_A1KVBQJ,0
ID_A1YSYCA,0
ID_A2QQVHR,0
ID_A31H9ND,0
ID_A36KCX3,0
ID_A38B8WE,0
ID_A3MJUGV,0
ID_A3SMKY2,0
ID_A49FZ2X,0
ID_A4LDWYT,0
ID_A4Z1WUW,0
ID_A5EDCDU,0
ID_A5IRGUL,0
ID_A5O8EWG,0
ID_A6MR659,0
ID_A7FDNDN,0
ID_A7TR73S,0
ID_A81R5DZ,0
ID_A86S2NZ,0
ID_A8AIUY3,0
ID_A8XFU1B,0
ID_A8Y237Y,0
ID_A8Y49ZJ,0
ID_A92JKLT,0
ID_A97IQ89,0
ID_A986X8E,0
ID_A9IUECA,0
ID_A9UBY5R,0
ID_A9UHF52,0
ID_AA1KVIB,0
ID_AA4ZXQE,0
ID_AAJSA05,0
ID_AANL8VL,0
ID_AB3XDY7,0
ID_ABOPEC5,0
ID_ABTUOZL,0
ID_ACCBLIW,0
ID_AD4EUVQ,0
ID_ADDGR1W,0
ID_ADIW8C5,0
ID_ADMDMEG,0
ID_ADP9NA1,0
ID_AE4JZTU,0
ID_AE89QN2,0
ID_AE8OK4E,0
ID_AEETQ8W,0
ID_AETI2G5,0
ID_AF6PKNW,0
ID_AFH5FHF,0
ID_AFIMQ6E,0
ID_AGBLPDQ,0
ID_AGES36G,0
ID_AGKC77D,0
ID_AGMJY5T,0
ID_AGW174J,0
ID_AH7CU1P,0
ID_AHTUV55,0
ID_AID44YE,0
ID_AIEA1G7,0
ID_AINMJ7Z,0
ID_AJF93AM,0
ID_AJG3CAC,0
ID_AJHPJI6,0
ID_AJLCMXI,0
ID_AJPPU9E,0
ID_AJTFYAG,0
ID_AJWX7XT,0
ID_AKVAKMC,0
ID_AL1RNZN,0
ID_AL3KEWU,0
ID_AL40CGX,0
ID_ALPB0G3,0
ID_ALSEPDM,0
ID_ALUIJH5,0
ID_ALZ0LSZ,0
ID_AM92PZB,0
ID_AM98BC5,0
ID_AMDNLXG,0
ID_AMLBG29,0
ID_AMRBEUB,0
ID_AMVPNZL,0
ID_ANG2MMD,0
ID_ANW5U9Y,0
ID_AO7C63V,0
ID_AOBN7E9,0
ID_AOIHK36,0
ID_AOSJQK1,0
ID_AOVPUZ6,0
ID_AP4YJJ7,0
ID_AP6N4ZS,0
ID_APP11PP,0
ID_APQJJD3,0
ID_APUBDWS,0
ID_APYC3T5,0
ID_AQENFN0,0
ID_AQFAN4F,0
ID_AQGZYHV,0
ID_AQYJ37W,0
ID_AR1SMSP,0
ID_AR6W7UV,0
ID_ARBYRSI,0
ID_ARWU38Q,0
ID_AS3SFJP,0
ID_AS85O9M,0
ID_ASDEP72,0
ID_ASNHE1Y,0
ID_ASY4GQS,0
ID_AT10WLN,0
ID_AT2SJB4,0
ID_AT2VVTY,0
ID_AT4KE7V,0
ID_ATEQDPN,0
ID_ATF0Q95,0
ID_ATUGFV8,0
ID_ATZOXLP,0
ID_AU0PZ0L,0
ID_AU9H77W,0
ID_AUCNYLV,0
ID_AUSE0ZN,0
ID_AVDKPKO,0
ID_AVEQQ82,0
ID_AVIUMIQ,0
ID_AVM2820,0
ID_AW968WA,0
ID_AWGSUL4,0
ID_AWVP3SH,0
ID_AWWMS3V,0
ID_AX1166G,0
ID_AXDZ22T,0
ID_AXXKB3I,0
ID_AY6NRZG,0
ID_AYHC652,0
ID_AYYY0A3,0
ID_AZ0ISYU,0
ID_AZ56NLM,0
ID_AZ6OFW5,0
ID_AZEZD5A,0
ID_AZF9T0Y,0
ID_AZK93V5,0
ID_AZQW9P1,0
ID_AZUF9GZ,0
ID_AZY7EC6,0
ID_B05GH9K,0
ID_B0KLR3T,0
ID_B120LGC,0
ID_B1GAVTG,0
ID_B1GV8LW,0
ID_B2CD26W,0
ID_B2H05FO,0
ID_B2PG2VB,0
ID_B2XCG0K,0
ID_B325MJI,0
ID_B332EPW,0
ID_B34PO4F,0
ID_B3TC7QF,0
ID_B3TV4GD,0
ID_B4FW1EV,0
ID_B4HDDLX,0
ID_B4N8E43,0
ID_B4VMPP9,0
ID_B51HDLA,0
ID_B5N5ODJ,0
ID_B68XROR,0
ID_B7BHX9P,0
ID_B7KCLS9,0
ID_B85PBLX,0
ID_B8KFHGP,0
ID_B8LTHQV,0
ID_B8NX7IF,0
ID_B8PRXZO,0
ID_B97AMF5,0
ID_B997VV0,0
ID_B9AQY95,0
ID_B9LSNI8,0
ID_B9QQTLV,0
ID_B9UGW0D,0
ID_B9ZIUHV,0
ID_BA23ETV,0
ID_BA2X381,0
ID_BA5HNHU,0
ID_BA66SKC,0
ID_BA8E9T9,0
ID_BAGOZ7V,0
ID_BAH84LK,0
ID_BAY1MG0,0
ID_BB3NZ0J,0
ID_BBFHIGX,0
ID_BBH4E59,0
ID_BBZDUG5,0
ID_BC8UNY0,0
ID_BCLQ2VJ,0
ID_BCN9NPC,0
ID_BCWN2KB,0
ID_BD6739G,0
ID_BDDLILU,0
ID_BDX0YBL,0
ID_BE31PG8,0
ID_BEM8FSQ,0
ID_BENB5D1,0
ID_BER0932,0
ID_BFB0MZ8,0
ID_BFG7I9X,0
ID_BFI609U,0
ID_BG5MR9V,0
ID_BG68IGT,0
ID_BGAZVL9,0
ID_BGGE5XU,0
ID_BGHZ2QS,0
ID_BH6LJZ3,0
ID_BHG9VIT,0
ID_BHMALH2,0
ID_BHZIGW9,0
ID_BI611IJ,0
ID_BI83II5,0
ID_BIASRNF,0
ID_BICGLA0,0
ID_BIN4BWL,0
ID_BJC1SN8,0
ID_BJCQ72I,0
ID_BJQU82Q,0
ID_BK0E7BI,0
ID_BKE0GS3,0
ID_BKPJJBQ,0
ID_BKQDDWK,0
ID_BKTESPE,0
ID_BL483I6,0
ID_BLG3FT7,0
ID_BLOFUCJ,0
ID_BLP4E42,0
ID_BM11E8I,0
ID_BM9DAPT,0
ID_BMBPVJ8,0
ID_BNDS1AG,0
ID_BNLC1YN,0
ID_BNOA2SI,0
ID_BO3IAH2,0
ID_BOAZRSZ,0
ID_BOBWIZ6,0
ID_BOJVSZ1,0
ID_BOKU274,0
ID_BOM463R,0
ID_BOPL2VU,0
ID_BOWBY42,0
ID_BP4HAN5,0
ID_BPA0LU0,0
ID_BPD4AVF,0
ID_BPFLTP5,0
ID_BPYPD4H,0
ID_BQ0INL0,0
ID_BQ0KWLR,0
ID_BQ4NUZJ,0
ID_BQ9BE7Z,0
ID_BQ9MD5W,0
ID_BQD91FQ,0
ID_BQLKXVF,0
ID_BQTKP2X,0
ID_BQTXFO2,0
ID_BR7V1B6,0
ID_BRFV1CT,0
ID_BS54GIP,0
ID_BS6Y5AE,0
ID_BS72NCF,0
ID_BS7I4E7,0
ID_BSHOKGG,0
ID_BTK9ZHN,0
ID_BTRWPKT,0
ID_BTSGXE8,0
ID_BU1DQMR,0
ID_BU3JH1P,0
ID_BU3R3DX,0
ID_BUHIRPK,0
ID_BUKG64T,0
ID_BVLHKA6,0
ID_BW0VJB7,0
ID_BW545IP,0
ID_BWDLPA4,0
ID_BWPU4Y2,0
ID_BWWV14M,0
ID_BX0CYIZ,0
ID_BX1PNZ6,0
ID_BX27TPW,0
ID_BX7EMCE,0
ID_BXEQN60,0
ID_BXEW3DI,0
ID_BXGVN54,0
ID_BXHF7I6,0
ID_BXOR2L2,0
ID_BYJ6T5I,0
ID_BYN2JKK,0
ID_BYQGSLK,0
ID_BZBOEUR,0
ID_BZFOS1K,0
ID_BZHFQCF,0
ID_BZPWD41,0
ID_BZXC7ZY,0
ID_BZXPYDI,0
ID_C00HQJZ,0
ID_C06VJ0D,0
ID_C0X1Z7E,0
ID_C16RWLT,0
ID_C1FKAW8,0
ID_C1MF139,0
ID_C1MOQTA,0
ID_C1OSR8U,0
ID_C1SIX0Q,0
ID_C24C4ZI,0
ID_C2CYCWK,0
ID_C2GERS9,0
ID_C2KDY30,0
ID_C2QEILB,0
ID_C2W5M45,0
ID_C2XGD2Q,0
ID_C3E4LCE,0
ID_C3M49EG,0
ID_C3QKJUQ,0
ID_C3QZT5Q,0
ID_C49D8YN,0
ID_C4DL780,0
ID_C4KKETQ,0
ID_C4ZA4LG,0
ID_C503V6Q,0
ID_C56MFN3,0
ID_C5GBUTB,0
ID_C5IHY1C,0
ID_C5LVOAY,0
ID_C60ZIT3,0
ID_C6FCEBS,0
ID_C6M0YHC,0
ID_C6NMQJS,0
ID_C6TX181,0
ID_C71D3A7,0
ID_C7NSXWJ,0
ID_C7NTQE7,0
ID_C7RZXS2,0
ID_C7U3UVO,0
ID_C8CCIA2,0
ID_C8DQZT9,0
ID_C8ICOIF,0
ID_C8X160P,0
ID_C9FBWRV,0
ID_CA1VR5R,0
ID_CA5CHMN,0
ID_CA5JTDM,0
ID_CA7ZGED,0
ID_CAYB8EF,0
ID_CB3X029,0
ID_CB5P4TM,0
ID_CB61XZO,0
ID_CC1G80E,0
ID_CCQ9BMN,0
ID_CDCOJF0,0
ID_CE2O47Y,0
ID_CEBRGZX,0
ID_CEFAGHF,0
ID_CELOCPP,0
ID_CF3LVGW,0
ID_CFHS0ET,0
ID_CFM74B5,0
ID_CGOTR11,0
ID_CGQJ89F,0
ID_CH58LE2,0
ID_CHAB2HW,0
ID_CHAY5NZ,0
ID_CHL6YQ1,0
ID_CHLS0Y4,0
ID_CHQ2Q0I,0
ID_CHYBRH0,0
ID_CI0F8ZJ,0
ID_CI1AL7Q,0
ID_CI9ZS3W,0
ID_CIF0WXA,0
ID_CIOSEM2,0
ID_CIPD0VS,0
ID_CIX838X,0
ID_CIXNIAP,0
ID_CJ1DUGO,0
ID_CJGJCMA,0
ID_CJHCZSM,0
ID_CJKTFOT,0
ID_CJRQM6R,0
ID_CKE1AM1,0
ID_CKQITYN,0
ID_CL5JDMN,0
ID_CL9UUCD,0
ID_CLJ0CLG,0
ID_CLS9I02,0
ID_CLXISYK,0
ID_CLZB6O5,0
ID_CM784ZW,0
ID_CMI6RQG,0
ID_CMO714M,0
ID_CMP77CK,0
ID_CMQY9DR,0
ID_CMRTJBR,0
ID_CMW12PT,0
ID_CMYI7J5,0
ID_CN10Z5Q,0
ID_CNLWXQM,0
ID_CNS5HE6,0
ID_CNV3Q33,0
ID_CO14RKW,0
ID_CO80QNU,0
ID_COFE61J,0
ID_COWZPCL,0
ID_CP8BNHM,0
ID_CPD05VQ,0
ID_CQ2AYPT,0
ID_CQ6B42P,0
ID_CQDXX50,0
ID_CQMWVA7,0
ID_CQZX0IF,0
ID_CR8Q1P3,0
ID_CRKGW6W,0
ID_CRNBXBD,0
ID_CRQM6SZ,0
ID_CRQRX30,0
ID_CRT7BQS,0
ID_CRX1ZS3,0
ID_CS8N34X,0
ID_CSC2KIG,0
ID_CSFMSWE,0
ID_CTV452K,0
ID_CTVTFW0,0
ID_CUDZU6G,0
ID_CUWCG03,0
ID_CV2ZI8A,0
ID_CV6C1D4,0
ID_CV8E5KI,0
ID_CVB2NV4,0
ID_CVGHV4Z,0
ID_CW7EMY5,0
ID_CWEM1SG,0
ID_CWKRR27,0
ID_CWLGV72,0
ID_CWXI0H6,0
ID_CX2VNG5,0
ID_CX6AUI4,0
ID_CX9F4HQ,0
ID_CXGDXHZ,0
ID_CYLFQ08,0
ID_CYO28X0,0
ID_CZS3MPE,0
ID_CZSTW6W,0
ID_CZZQVK2,0
ID_D09GVO4,0
ID_D09PWXH,0
ID_D0HNJ2E,0
ID_D0J8CM2,0
ID_D0MYOSH,0
ID_D0TBWUM,0
ID_D129846,0
ID_D12HD7Y,0
ID_D1A2Y4C,0
ID_D1DDZOH,0
ID_D1HE2OH,0
ID_D1I9WUT,0
ID_D1SFWTH,0
ID_D1VMRRZ,0
ID_D1X94IB,0
ID_D25GRV7,0
ID_D2PWK2I,0
ID_D2UVEIS,0
ID_D33HFLQ,0
ID_D35H932,0
ID_D39794I,0
ID_D3CVNCJ,0
ID_D3F659R,0
ID_D46Z0PP,0
ID_D49DSMP,0
ID_D4B39A9,0
ID_D4FHBS3,0
ID_D4R3HDT,0
ID_D56OJZC,0
ID_D5VXAZA,0
ID_D6EVOW8,0
ID_D6OOBG7,0
ID_D6QF4ZS,0
ID_D6SY1XV,0
ID_D6ZJ8ZX,0
ID_D71U60I,0
ID_D733O9D,0
ID_D7B8G78,0
ID_D7EECAQ,0
ID_D7GRYHH,0
ID_D7RA7IQ,0
ID_D86PHYS,0
ID_D8B80VB,0
ID_D8GN1Y7,0
ID_D8MUQAZ,0
ID_D8N5XF8,0
ID_D9OKSKR,0
ID_D9WDTGM,0
ID_DAA0KOY,0
ID_DAC4Z3C,0
ID_DADJZBU,0
ID_DALAH00,0
ID_DB6J96Y,0
ID_DB6Y06X,0
ID_DB9G2UU,0
ID_DBRNSHR,0
ID_DBS6JZY,0
ID_DBX22WN,0
ID_DC0WQI2,0
ID_DC46ZJ3,0
ID_DD6GBQ0,0
ID_DDPYQ4W,0
ID_DE3HDS6,0
ID_DEAQIQO,0
ID_DED56CX,0
ID_DEJW3IQ,0
ID_DEKYC13,0
ID_DF2BBOU,0
ID_DF2ULTO,0
ID_DF4J1LC,0
ID_DFIRXOK,0
ID_DFM3RBK,0
ID_DFTORW8,0
ID_DG4O9PP,0
ID_DGBT74M,0
ID_DGDLPRN,0
ID_DGFJXDE,0
ID_DGQW52R,0
ID_DIDULLQ,0
ID_DIGHE6C,0
ID_DJ0KA9I,0
ID_DK2MJUJ,0
ID_DKLTX19,0
ID_DKRK5XX,0
ID_DL2D43U,0
ID_DL4KXDD,0
ID_DLL6003,0
ID_DLLE42K,0
ID_DLP4VDA,0
ID_DLWKQR0,0
ID_DLX5GFU,0
ID_DLZS4AT,0
ID_DM13VTV,0
ID_DMBU1AW,0
ID_DMLC7T1,0
ID_DMMECC4,0
ID_DMOPH3N,0
ID_DN1EZBJ,0
ID_DND0RHO,0
ID_DOQTA3J,0
ID_DORUZHM,0
ID_DP2ZM4Q,0
ID_DP35K11,0
ID_DP5QDU3,0
ID_DP6ONEU,0
ID_DP8VRW2,0
ID_DPGUGYV,0
ID_DPPYL00,0
ID_DPXLY5J,0
ID_DQ4Y6X8,0
ID_DQBJ4JO,0
ID_DQFX4EA,0
ID_DQKXOLT,0
ID_DQVT7EJ,0
ID_DQVY09B,0
ID_DRHXDAG,0
ID_DRPV0PB,0
ID_DS6LTTN,0
ID_DS8STZ6,0
ID_DSIZ8SI,0
ID_DSZUOY1,0
ID_DT3XHX0,0
ID_DT65B4K,0
ID_DTF1KV8,0
ID_DTGJYCW,0
ID_DTILH6Q,0
ID_DTOCSH6,0
ID_DTW1LHO,0
ID_DU1GJ98,0
ID_DU9OUVE,0
ID_DU9SL7L,0
ID_DUC6ZA7,0
ID_DUEJJKU,0
ID_DV93B4R,0
ID_DVCN54P,0
ID_DVJFDXP,0
ID_DWHAI23,0
ID_DWRX983,0
ID_DWSRG0C,0
ID_DX2QVTX,0
ID_DX98XID,0
ID_DXOSTHP,0
ID_DY1XEDQ,0
ID_DY53LEN,0
ID_DY6ZDSY,0
ID_DYNVOIT,0
ID_DYSA113,0
ID_DYT1WW6,0
ID_DZC5ZN0,0
ID_DZGMMKH,0
ID_E09XLIJ,0
ID_E0FVKV1,0
ID_E0G1G7P,0
ID_E0LSD7R,0
ID_E1H8VNL,0
ID_E1K5ISE,0
ID_E1PK1PG,0
ID_E1SR20G,0
ID_E214ECO,0
ID_E21TUFR,0
ID_E22DRWN,0
ID_E2HMNYE,0
ID_E32E1DH,0
ID_E37YDFX,0
ID_E3GRGTG,0
ID_E3HY6IR,0
ID_E3K4I95,0
ID_E3UG13T,0
ID_E3VGMB5,0
ID_E40591V,0
ID_E42P0UN,0
ID_E4CQL7Q,0
ID_E502FBQ,0
ID_E5K0Z0O,0
ID_E5MDXVS,0
ID_E5ROM0Q,0
ID_E5V5CLH,0
ID_E61IS7C,0
ID_E62SOEJ,0
ID_E64LL2E,0
ID_E6K3S7T,0
ID_E7HNKJE,0
ID_E7JTM99,0
ID_E7OTDKP,0
ID_E7RVNFA,0
ID_E7TE2P1,0
ID_E87BQ2S,0
ID_E8AB9YJ,0
ID_E8R8O6Z,0
ID_E8RBSQA,0
ID_E8Z60CO,0
ID_E8ZBSPF,0
ID_E8ZZ5VK,0
ID_E93NEY6,0
ID_E93OM6J,0
ID_E96NJM1,0
ID_E9LFQCG,0
ID_E9RQU2Q,0
ID_EA0143K,0
ID_EAAPIQM,0
ID_EAE0SH8,0
ID_EAK2IS3,0
ID_EB606PZ,0
ID_EBHND2W,0
ID_EBVD23V,0
ID_EBZ8ZL1,0
ID_EC679CN,0
ID_ECQ472I,0
ID_ECWTFZS,0
ID_EDEPE3U,0
ID_EDKHQ8C,0
ID_EDM5W9X,0
ID_EE5A1DZ,0
ID_EE84W84,0
ID_EE9IB9T,0
ID_EEDCWRK,0
ID_EEQ3TJI,0
ID_EEQG1HR,0
ID_EF092Q1,0
ID_EF10Y2H,0
ID_EF5LF0D,0
ID_EF9G30Y,0
ID_EFBLEOZ,0
ID_EFHTJ3Y,0
ID_EFTGV9S,0
ID_EFU54YB,0
ID_EFZQ9EN,0
ID_EG55BBB,0
ID_EGCZ270,0
ID_EGGN97A,0
ID_EGKGOTC,0
ID_EGRWX2B,0
ID_EH180G8,0
ID_EH8PCMK,0
ID_EHBR3WQ,0
ID_EHDPP32,0
ID_EHKJRB2,0
ID_EHMO21H,0
ID_EHMY4L4,0
ID_EHS6UDH,0
ID_EI26OYE,0
ID_EI7QIA0,0
ID_EI7YKUR,0
ID_EIBSURI,0
ID_EIE0U0Y,0
ID_EIKJK6S,0
ID_EINRVNS,0
ID_EIQQK58,0
ID_EIYMCY9,0
ID_EJ83BQX,0
ID_EJNQ1P1,0
ID_EJSFAH5,0
ID_EK22KNA,0
ID_EK6CXV3,0
ID_EKRSH5E,0
ID_EL2T5DJ,0
ID_EL5EFE2,0
ID_EMHAUHE,0
ID_EN19AP2,0
ID_ENAJ47X,0
ID_ENIKDJA,0
ID_ENMGFRK,0
ID_ENU9OCI,0
ID_ENWW5U1,0
ID_EO1GGMM,0
ID_EO94TQW,0
ID_EOZ9B3Y,0
ID_EPIGKUM,0
ID_EPJO0PI,0
ID_EPNAPJO,0
ID_EPU4A76,0
ID_EPV0IZA,0
ID_EPYTBWL,0
ID_EQGWEOS,0
ID_EQHFGWJ,0
ID_EQKCODV,0
ID_EQSU74E,0
ID_EQWY2U2,0
ID_ER9JUTI,0
ID_ERDKKFQ,0
ID_ERL386R,0
ID_ES38BWR,0
ID_ES6LAT9,0
ID_ESHCXA3,0
ID_ESTOX90,0
ID_ESX05B8,0
ID_ET6LDCE,0
ID_ETAV79U,0
ID_ETJFVE7,0
ID_ETJW7S8,0
ID_ETO0XED,0
ID_ETOJ4LV,0
ID_ETSD8Q4,0
ID_EU06A4C,0
ID_EU3CYTV,0
ID_EU3JL3I,0
ID_EU4WG71,0
ID_EUHCJB6,0
ID_EUO56DS,0
ID_EV2OKWR,0
ID_EV9AY8R,0
ID_EV9P7X3,0
ID_EVETA1O,0
ID_EVK2IX8,0
ID_EVLH576,0
ID_EVZ35AS,0
ID_EVZ8HYS,0
ID_EX12QR7,0
ID_EX5LM1O,0
ID_EX9F71H,0
ID_EXB8406,0
ID_EY992CA,0
ID_EYBNZ66,0
ID_EYQAAYO,0
ID_EYTXTDO,0
ID_EZ27Z7V,0
ID_EZ5Q7PB,0
ID_EZ76118,0
ID_EZ8SYPE,0
ID_EZQD5FW,0
ID_EZRIS57,0
ID_EZRU9XP,0
ID_EZUBHBV,0
ID_EZZ95OQ,0
ID_F0CGZU5,0
ID_F0CNF8J,0
ID_F0ES5JA,0
ID_F0ISD5J,0
ID_F0J5UNE,0
ID_F11ZYKL,0
ID_F1HI0FQ,0
ID_F21AUU9,0
ID_F2N2HTH,0
ID_F2OFEGS,0
ID_F2QHXKX,0
ID_F2QYIRM,0
ID_F36CUI2,0
ID_F39LP17,0
ID_F3OG44O,0
ID_F43GGTP,0
ID_F4AEJLI,0
ID_F4DYSC0,0
ID_F4ISBFJ,0
ID_F4KO58F,0
ID_F4YEIQ8,0
ID_F59VZIW,0
ID_F5OLX6Z,0
ID_F5TRDFJ,0
ID_F5VRV0D,0
ID_F5WDNFM,0
ID_F6I4HG9,0
ID_F6KF56A,0
ID_F770XGH,0
ID_F79I3T9,0
ID_F7ADF15,0
ID_F7VOTG6,0
ID_F8AQFZM,0
ID_F8D6QUJ,0
ID_F8EGZ1E,0
ID_F8L2OUL,0
ID_F8N6SXG,0
ID_F8QI0ZX,0
ID_F8TQJZR,0
ID_F912B9I,0
ID_F9E0WPT,0
ID_F9XL0MW,0
ID_FAAPJXY,0
ID_FAXPQIT,0
ID_FB3C6BI,0
ID_FB7AUOD,0
ID_FBFGU8Q,0
ID_FBH9JU8,0
ID_FBKAK67,0
ID_FBSN1O9,0
ID_FBYRFRE,0
ID_FBYX00K,0
ID_FBZX5BP,0
ID_FC3VO9N,0
ID_FC8ACCW,0
ID_FCA9B9E,0
ID_FCD17O0,0
ID_FCE941K,0
ID_FDFTO2R,0
ID_FDOLKIV,0
ID_FE9KYOI,0
ID_FEL1PBO,0
ID_FEYAMWZ,0
ID_FF7WR3W,0
ID_FFMWMV4,0
ID_FFYEDLN,0
ID_FFYPCDT,0
ID_FG3B7PP,0
ID_FG63ERP,0
ID_FG7APWP,0
ID_FG89BRF,0
ID_FH7IC06,0
ID_FHDWC1A,0
ID_FHSEGO5,0
ID_FI5D007,0
ID_FIAZ16H,0
ID_FIE3TQ3,0
ID_FIM3D11,0
ID_FIPYIGK,0
ID_FIYEQVN,0
ID_FIZOH1V,0
ID_FJ25ZXG,0
ID_FJG8R0M,0
ID_FJHL17S,0
ID_FJNZ497,0
ID_FKRMF0N,0
ID_FKZ9DPO,0
ID_FKZT8EO,0
ID_FLJKGM1,0
ID_FMH6NOV,0
ID_FMXSEKP,0
ID_FN09UYX,0
ID_FN8WUFE,0
ID_FNGCGEW,0
ID_FNTJBQN,0
ID_FP4R7JE,0
ID_FP76C2T,0
ID_FPC0TOG,0
ID_FPOV2CT,0
ID_FQ5FD54,0
ID_FQI6DHE,0
ID_FQIEBB4,0
ID_FR3U7U2,0
ID_FR44CZY,0
ID_FRCHYB8,0
ID_FRTEVGR,0
ID_FRUXTK3,0
ID_FS5NHLA,0
ID_FT2KJQ3,0
ID_FT6NQZI,0
ID_FTB4H5T,0
ID_FTEJW3H,0
ID_FTI76PF,0
ID_FTORSAF,0
ID_FTY91VP,0
ID_FTYEFBE,0
ID_FU1KTCM,0
ID_FU7PVVZ,0
ID_FUALJSN,0
ID_FUKHSKU,0
ID_FUQO1XD,0
ID_FV0S15A,0
ID_FVOK1K2,0
ID_FVURLST,0
ID_FWBT6OC,0
ID_FWML6S7,0
ID_FWT24SV,0
ID_FXAPD82,0
ID_FXIOKEI,0
ID_FXNZJHM,0
ID_FXQBFNG,0
ID_FXUV68M,0
ID_FXWZ958,0
ID_FY0Q75E,0
ID_FY0YWRG,0
ID_FY538AK,0
ID_FY6M966,0
ID_FY78IFO,0
ID_FYGZKPZ,0
ID_FYKKG2Y,0
ID_FYKL018,0
ID_FYTXCAF,0
ID_FZ8JAQ2,0
ID_FZIBY4I,0
ID_FZJIIE8,0
ID_FZK2UEI,0
ID_G02M50T,0
ID_G0CJS6G,0
ID_G0DLFED,0
ID_G0IB01B,0
ID_G0XQL82,0
ID_G1JX9H1,0
ID_G1LSV2E,0
ID_G1PK8SU,0
ID_G2304PA,0
ID_G25TVMT,0
ID_G2CYS82,0
ID_G2JAXSQ,0
ID_G2MAV0A,0
ID_G2MONTI,0
ID_G2NA7I3,0
ID_G2NEMFS,0
ID_G2P23BV,0
ID_G2Q23XY,0
ID_G2Q7ZN9,0
ID_G315AQS,0
ID_G3DNEWM,0
ID_G3TH7MN,0
ID_G3YM4FA,0
ID_G3YR6WI,0
ID_G41YLTM,0
ID_G4PAJIS,0
ID_G4QOTH8,0
ID_G56ZNP3,0
ID_G5DX5Q2,0
ID_G5FRXA6,0
ID_G648EML,0
ID_G6A99D8,0
ID_G6ODGXO,0
ID_G6P8N1Q,0
ID_G7B7DE7,0
ID_G7K0O8M,0
ID_G7NFBU0,0
ID_G7OMHH1,0
ID_G82UV82,0
ID_G8B7YGO,0
ID_G8UAETL,0
ID_G9HIN5F,0
ID_G9PGRUX,0
ID_GA4LTSD,0
ID_GAC363V,0
ID_GAL92DH,0
ID_GB0JQPV,0
ID_GBHZ9YP,0
ID_GBLGHOH,0
ID_GBQ15LV,0
ID_GC4UVUW,0
ID_GCE3AAL,0
ID_GCPW5C8,0
ID_GD10USW,0
ID_GDC7P8Q,0
ID_GDOWODV,0
ID_GDUD66F,0
ID_GDUOLN3,0
ID_GEG2368,0
ID_GEHECZ7,0
ID_GEN4JOM,0
ID_GESX5RY,0
ID_GEVN2WH,0
ID_GF8FEKJ,0
ID_GFA5L8Z,0
ID_GFCK9U3,0
ID_GG6GFKQ,0
ID_GG8U4NK,0
ID_GGEBAB7,0
ID_GGEDSYT,0
ID_GGIYJGX,0
ID_GGPE0OV,0
ID_GGQAYVU,0
ID_GHATCS8,0
ID_GHLUGT1,0
ID_GHOSEJL,0
ID_GIU91JJ,0
ID_GJ1B19U,0
ID_GJCHH94,0
ID_GJS6IGV,0
ID_GK0AYX5,0
ID_GKA3S7D,0
ID_GL5C76J,0
ID_GLI2E4H,0
ID_GLQEYVC,0
ID_GMK18NL,0
ID_GMR61I5,0
ID_GN0SBHP,0
ID_GNMKULA,0
ID_GNOUN4J,0
ID_GNVY2NP,0
ID_GNZSZXP,0
ID_GNZVHGS,0
ID_GO3Q71U,0
ID_GOASLQO,0
ID_GOE5ROQ,0
ID_GOEDZUZ,0
ID_GOUOJ33,0
ID_GP7GMOX,0
ID_GPSAO5L,0
ID_GPWX9XN,0
ID_GPZ3GR7,0
ID_GPZXIZ3,0
ID_GQIRAQG,0
ID_GR93NPF,0
ID_GR9WFBY,0
ID_GRB7KCW,0
ID_GRFL3BV,0
ID_GRIRN9X,0
ID_GRJXV4T,0
ID_GRO3QBF,0
ID_GRPVIP8,0
ID_GRRNF6C,0
ID_GRXR9DZ,0
ID_GS31A4H,0
ID_GS52BL9,0
ID_GS63H2D,0
ID_GSIS25E,0
ID_GSTMC6J,0
ID_GTGB8ZH,0
ID_GU2CN5N,0
ID_GU6LAMI,0
ID_GUBI91R,0
ID_GUD97MX,0
ID_GUERCN2,0
ID_GUWPTBY,0
ID_GUYPTI9,0
ID_GV6TUEG,0
ID_GVGIJ5A,0
ID_GVLJVT3,0
ID_GVSJMOA,0
ID_GW4JPM5,0
ID_GW4X8N2,0
ID_GW7ZCEF,0
ID_GW9RUMC,0
ID_GWOJR5I,0
ID_GWRMJ45,0
ID_GXJKFST,0
ID_GXVG1CU,0
ID_GXW3GCD,0
ID_GYJ7XPP,0
ID_GYMUVUJ,0
ID_GYRFSPE,0
ID_GYWLH5O,0
ID_GZ3SBRM,0
ID_GZ5GZZK,0
ID_GZ9U01W,0
ID_GZA7H72,0
ID_GZB5NKT,0
ID_GZBPG5G,0
ID_GZC7IR1,0
ID_GZG8RGU,0
ID_GZJKFML,0
ID_GZKWPMZ,0
ID_GZL27VV,0
ID_GZR1SRS,0
ID_H09UKYK,0
ID_H0G166E,0
ID_H0NWU4C,0
ID_H0WE89E,0
ID_H15DCAZ,0
ID_H180L75,0
ID_H1DG741,0
ID_H1KEAFT,0
ID_H1PXBZH,0
ID_H1T3IA5,0
ID_H2F4774,0
ID_H2Y0HUP,0
ID_H39JQW2,0
ID_H3HCP1X,0
ID_H3O8ESH,0
ID_H3U27Q1,0
ID_H3UTX1E,0
ID_H3W4OOT,0
ID_H4XG1U1,0
ID_H5C9PRM,0
ID_H63JA6I,0
ID_H6ISLNL,0
ID_H7010MI,0
ID_H7SJ6CO,0
ID_H7XC7EZ,0
ID_H8E9Y8G,0
ID_H8WMN3Q,0
ID_H905CNH,0
ID_H99T5SM,0
ID_H9ZL2K6,0
ID_HBC2NFA,0
ID_HBJP657,0
ID_HC6CJ3B,0
ID_HCMFGT7,0
ID_HCR9AZ2,0
ID_HCTUXA5,0
ID_HCYU41V,0
ID_HD1BJCF,0
ID_HD3I9CP,0
ID_HDG99AS,0
ID_HDWLLGH,0
ID_HDY21WU,0
ID_HE458V3,0
ID_HE8UQK9,0
ID_HECF3TB,0
ID_HEEFGDS,0
ID_HELE42P,0
ID_HEODINC,0
ID_HEOGMHC,0
ID_HEPADCZ,0
ID_HFIBXHT,0
ID_HG210HT,0
ID_HG3EZ7X,0
ID_HGGGSM2,0
ID_HGNYIGU,0
ID_HGWYPLG,0
ID_HHD256J,0
ID_HHMN2MB,0
ID_HHW2BV8,0
ID_HI8LRIK,0
ID_HIDBZC3,0
ID_HIP7MGM,0
ID_HJDJ3FW,0
ID_HJIGFZ4,0
ID_HJNRRND,0
ID_HK3D1VA,0
ID_HKEG5HC,0
ID_HKIY3GI,0
ID_HKLV7H0,0
ID_HKOD69F,0
ID_HKT37GU,0
ID_HLG3N7G,0
ID_HLGOBJE,0
ID_HLIU4KR,0
ID_HLN8QSQ,0
ID_HLSIR4D,0
ID_HLTMHJB,0
ID_HLYJ4H0,0
ID_HMBS8Q8,0
ID_HMH6UA2,0
ID_HMJUJL6,0
ID_HN3AIDL,0
ID_HN6F4PX,0
ID_HNEAEF8,0
ID_HNF18JU,0
ID_HNPJ6UL,0
ID_HNUQ0S1,0
ID_HNXUZTZ,0
ID_HO3FKHX,0
ID_HOCGIMY,0
ID_HODPLUF,0
ID_HOHZROL,0
ID_HOIPQHK,0
ID_HOX5GOK,0
ID_HPB2OV5,0
ID_HPXLRVO,0
ID_HQ2NEXL,0
ID_HQG1PUM,0
ID_HR4AL1N,0
ID_HRUKLFF,0
ID_HRYIN2Q,0
ID_HSA5H85,0
ID_HSBTE9M,0
ID_HSCPU06,0
ID_HSDI3DV,0
ID_HSHIRE2,0
ID_HSY6H4D,0
ID_HT8B0NK,0
ID_HTJAVBF,0
ID_HTQCFRV,0
ID_HTQOCZ3,0
ID_HU1P4RZ,0
ID_HU3PP4Q,0
ID_HU4SMBY,0
ID_HUCF6OH,0
ID_HUMWLS1,0
ID_HUY10O7,0
ID_HV1O67Q,0
ID_HVB77V7,0
ID_HVMU2EB,0
ID_HVOUORP,0
ID_HVQASKL,0
ID_HVS50QO,0
ID_HVXRYJ8,0
ID_HW8G0GK,0
ID_HW9MID5,0
ID_HWJ6LB7,0
ID_HXT9UG0,0
ID_HXVY73V,0
ID_HYKKOTQ,0
ID_HYUSGRO,0
ID_HZC3F3D,0
ID_HZIP25H,0
ID_HZKOYXR,0
ID_I0EAKX1,0
ID_I0F4H6G,0
ID_I15NA6N,0
ID_I18NLPP,0
ID_I1AI8VJ,0
ID_I1G6PMA,0
ID_I1GI9FG,0
ID_I1HH0T9,0
ID_I1OAA3I,0
ID_I2I7EJU,0
ID_I2MY1AH,0
ID_I2OI6S2,0
ID_I31AANI,0
ID_I3EDJXE,0
ID_I3LP7WW,0
ID_I3SAPAY,0
ID_I49IHQ9,0
ID_I4FUXAF,0
ID_I4TSLWL,0
ID_I5B3Q95,0
ID_I63O15Z,0
ID_I669K22,0
ID_I6IHHME,0
ID_I6KXAGO,0
ID_I6L69K6,0
ID_I6SRMIL,0
ID_I6X9J8G,0
ID_I6YER2U,0
ID_I6ZV54Z,0
ID_I7RKAHI,0
ID_I7UE6NS,0
ID_I8WOWYY,0
ID_I8WYFFD,0
ID_I8ZISEN,0
ID_I90NNJC,0
ID_I96M3CS,0
ID_I9WA9VX,0
ID_IA7SSIE,0
ID_IACQ01W,0
ID_IAMV8NG,0
ID_IBCMZNW,0
ID_IBJQB0O,0
ID_IBKU901,0
ID_ICCFS0A,0
ID_ICG56QU,0
ID_ICJAU19,0
ID_ICPUEZR,0
ID_ICQAKBJ,0
ID_ICR7XDK,0
ID_ICTBEVA,0
ID_ID5HJ5Q,0
ID_IDDKSPE,0
ID_IDND3DS,0
ID_IE6F8C0,0
ID_IE8TU4I,0
ID_IEJ0ZCR,0
ID_IEJ38UG,0
ID_IEP42HC,0
ID_IF170I1,0
ID_IF84UCJ,0
ID_IFD2W8N,0
ID_IFLEKQG,0
ID_IGO2JKC,0
ID_IGS6CKU,0
ID_IH3GQQK,0
ID_IH7J1NG,0
ID_IHSSESZ,0
ID_II2PD7F,0
ID_II74IK8,0
ID_IIDO768,0
ID_IIG6I5N,0
ID_IIIQOQB,0
ID_IIWNO2V,0
ID_IJ8U68L,0
ID_IJED73A,0
ID_IJJ2CB5,0
ID_IJYA9ZV,0
ID_IKI2V0D,0
ID_IKQ07C8,0
ID_IKUDN8N,0
ID_IL2T15C,0
ID_ILGIT5H,0
ID_ILHPCIV,0
ID_ILORXCY,0
ID_ILSF430,0
ID_ILUC79K,0
ID_IM34DBR,0
ID_IMCLAEE,0
ID_IMD53F0,0
ID_IMJ3TUU,0
ID_IMMPMR1,0
ID_IMOT1WR,0
ID_IN5E3ND,0
ID_INS3ATI,0
ID_IO7F0U0,0
ID_IOE1WNR,0
ID_IOTF5EP,0
ID_IP2IO0Z,0
ID_IP3EM6X,0
ID_IPHTQ4E,0
ID_IQ2OXN2,0
ID_IQJNG14,0
ID_IQUPO8W,0
ID_IQXFG3D,0
ID_IQZFHCI,0
ID_IR1741D,0
ID_IR30QWH,0
ID_IR587YU,0
ID_IRWTAF2,0
ID_IRX3424,0
ID_IRXLDEO,0
ID_IRZKZAN,0
ID_IS4CA9K,0
ID_IS56RT7,0
ID_ISHHNB8,0
ID_IT1CBIF,0
ID_IT7C8GA,0
ID_ITBNQDD,0
ID_ITTPDTT,0
ID_IU2C6CX,0
ID_IU2ZKXN,0
ID_IUWRZIZ,0
ID_IUZIIRA,0
ID_IV6ZC8A,0
ID_IVLW799,0
ID_IWEKHB8,0
ID_IWIEPHF,0
ID_IWNGFF4,0
ID_IXNRELG,0
ID_IXVHSRX,0
ID_IY2C86Q,0
ID_IY777LB,0
ID_IYBZ9KF,0
ID_IYGF7AW,0
ID_IYL8DE1,0
ID_IYXXVPR,0
ID_IZ9TI82,0
ID_IZE0RFG,0
ID_IZIQY23,0
ID_J0248PM,0
ID_J02U720,0
ID_J03UYVK,0
ID_J0JXJP8,0
ID_J0KVVE3,0
ID_J0MPQ1X,0
ID_J0OU8HB,0
ID_J0WVW3L,0
ID_J13GNKQ,0
ID_J1AB2B2,0
ID_J1EWMLU,0
ID_J1GXXUO,0
ID_J1XF6KH,0
ID_J22FHT5,0
ID_J2CGPCV,0
ID_J2FIJ3Y,0
ID_J2JI9L7,0
ID_J2R5UUX,0
ID_J2YYTMV,0
ID_J36COWZ,0
ID_J3US1O7,0
ID_J3X16M6,0
ID_J451651,0
ID_J4CJW2D,0
ID_J4WF7XE,0
ID_J5GJVF2,0
ID_J5RYLC2,0
ID_J5S0JQF,0
ID_J619G5J,0
ID_J6ILLJJ,0
ID_J6KBIN2,0
ID_J6LPYLD,0
ID_J6V854G,0
ID_J6ZFK8X,0
ID_J7SA3QY,0
ID_J82LB22,0
ID_J84IK7D,0
ID_J8NZ0W6,0
ID_J9805PG,0
ID_J9M901C,0
ID_J9RKH8I,0
ID_J9VZFKN,0
ID_JAJ446Q,0
ID_JATPLNW,0
ID_JAXHGX0,0
ID_JB4GQOF,0
ID_JBPNGEA,0
ID_JCGNKIB,0
ID_JCHIW3Q,0
ID_JCI9QD1,0
ID_JCZA2GA,0
ID_JD76GZC,0
ID_JDUSQL6,0
ID_JE2ZNYJ,0
ID_JEFLXIA,0
ID_JEGZI79,0
ID_JEJ0NXT,0
ID_JEO297T,0
ID_JEQUXTW,0
ID_JEVIMSH,0
ID_JF6JCFE,0
ID_JFHSD07,0
ID_JG2T0GQ,0
ID_JGGHG71,0
ID_JGN21UH,0
ID_JGUAT9Z,0
ID_JGZNKPG,0
ID_JHHXJ4O,0
ID_JHHYFQM,0
ID_JHITFQY,0
ID_JHK4I3S,0
ID_JHKR1X9,0
ID_JHLMU91,0
ID_JHSAFG8,0
ID_JHXEDHB,0
ID_JI25LVR,0
ID_JI510H6,0
ID_JI75QVA,0
ID_JIIH1JW,0
ID_JIJ1YJE,0
ID_JIORRHK,0
ID_JITHI38,0
ID_JJ6ZVBT,0
ID_JJA8N9A,0
ID_JJDKATQ,0
ID_JJJ1OB8,0
ID_JJYUP3W,0
ID_JK1AIBJ,0
ID_JKLAJDD,0
ID_JKPZ3AX,0
ID_JL34MIF,0
ID_JLEG2QQ,0
ID_JLEPRFJ,0
ID_JLKM239,0
ID_JLXJ4L6,0
ID_JM6VXW6,0
ID_JMEEPEG,0
ID_JMHQQHE,0
ID_JMQE4AC,0
ID_JMZBD2A,0
ID_JN6AE8C,0
ID_JNFG7G5,0
ID_JNHHTNR,0
ID_JNXUPTU,0
ID_JNZUZVT,0
ID_JO0YJ9A,0
ID_JO3V3EE,0
ID_JOJOFW3,0
ID_JOKY988,0
ID_JOQJNPH,0
ID_JOTORLD,0
ID_JOUTUVK,0
ID_JPB38UT,0
ID_JPBJCMN,0
ID_JPGSQ3R,0
ID_JPY0RDR,0
ID_JQEIF1F,0
ID_JQNRXJW,0
ID_JQS7WDV,0
ID_JR4VDXG,0
ID_JR5BOSO,0
ID_JRM7QIQ,0
ID_JRUY7DM,0
ID_JRWFPW6,0
ID_JSQQTB6,0
ID_JSWJS27,0
ID_JT9716Z,0
ID_JTLXT8S,0
ID_JTMT2JC,0
ID_JTNL188,0
ID_JTQJL2A,0
ID_JU849UV,0
ID_JUC2C5T,0
ID_JUKY3CJ,0
ID_JUO7R24,0
ID_JV2YS1S,0
ID_JV64A1Q,0
ID_JV9HS2Y,0
ID_JVCKT1P,0
ID_JVFEC3E,0
ID_JVQ594F,0
ID_JVSGYFE,0
ID_JVVFUMM,0
ID_JWCS5H4,0
ID_JWHLMCS,0
ID_JWJGWY3,0
ID_JWKPRQP,0
ID_JX6R7X5,0
ID_JX8H0XP,0
ID_JXJIC4H,0
ID_JXPANB0,0
ID_JXQTBSW,0
ID_JXR2E4M,0
ID_JXS7CII,0
ID_JY4JQ1O,0
ID_JYIPJRR,0
ID_JYRLVO0,0
ID_JYXBHE0,0
ID_JZ1TKUU,0
ID_JZ8NZQO,0
ID_JZAVG0E,0
ID_JZHI4J7,0
ID_JZI8IJN,0
ID_JZQG864,0
ID_JZZ4019,0
ID_K00Z7H6,0
ID_K0J5IFD,0
ID_K1D6WT2,0
ID_K1K5MSU,0
ID_K1OTPCB,0
ID_K212MXD,0
ID_K22FO5F,0
ID_K22ISKO,0
ID_K24T2HT,0
ID_K2C8KQ1,0
ID_K2FX3N2,0
ID_K2NHCKD,0
ID_K32B5JV,0
ID_K338LW1,0
ID_K36A7C1,0
ID_K3T7YBJ,0
ID_K41I3OK,0
ID_K45Z7PW,0
ID_K48X1WJ,0
ID_K4AA4LD,0
ID_K4BCXBE,0
ID_K4HEADK,0
ID_K4LBHF1,0
ID_K57DYB1,0
ID_K5EE6YR,0
ID_K5EZJF1,0
ID_K5T4PCX,0
ID_K5WA2MK,0
ID_K6D7JMC,0
ID_K6HMF4N,0
ID_K6I4CKC,0
ID_K6OO77W,0
ID_K7C4H54,0
ID_K7HCWTI,0
ID_K8614CY,0
ID_K8HSVDW,0
ID_K8PZZB0,0
ID_K8TDISV,0
ID_K90KXUC,0
ID_K90TSS9,0
ID_K9AXUUK,0
ID_K9D9RYG,0
ID_K9IAU7H,0
ID_K9ILDHY,0
ID_K9M4ZKV,0
ID_KA75J56,0
ID_KA7IOCM,0
ID_KAP8PBL,0
ID_KAQE68K,0
ID_KAVAXQ3,0
ID_KAVDJZT,0
ID_KBSNRVU,0
ID_KBV14SJ,0
ID_KCC0AX6,0
ID_KCIME87,0
ID_KCWOH8P,0
ID_KDG75C4,0
ID_KDSNZSN,0
ID_KE1SSUE,0
ID_KE6OR95,0
ID_KE9EPAL,0
ID_KEVSOEH,0
ID_KEYE2BP,0
ID_KF7IA2O,0
ID_KFCLR7L,0
ID_KFOPR5K,0
ID_KFPKHHB,0
ID_KFXRBQE,0
ID_KGKB9KL,0
ID_KGZH8JK,0
ID_KH08VWK,0
ID_KH14CHF,0
ID_KHC237N,0
ID_KHN04KG,0
ID_KHQWZZE,0
ID_KIV8YW1,0
ID_KIZKQIX,0
ID_KJAWVKT,0
ID_KJLCYUE,0
ID_KJSID6M,0
ID_KJWBEE2,0
ID_KKGU2J4,0
ID_KKP75PY,0
ID_KKTAIBG,0
ID_KLAH4XR,0
ID_KLAVRT8,0
ID_KLBTCCC,0
ID_KLJOMSI,0
ID_KLJPOLY,0
ID_KMEGBM4,0
ID_KMTG1D4,0
ID_KN9164T,0
ID_KNCM62E,0
ID_KNDDB3R,0
ID_KNFDLAV,0
ID_KNFRN9G,0
ID_KNYA02R,0
ID_KOGLI8O,0
ID_KONUUCH,0
ID_KOOGT2J,0
ID_KP2NXJ9,0
ID_KPHYS1K,0
ID_KPMOSKP,0
ID_KPPEBQZ,0
ID_KQ8S39L,0
ID_KQEAHYL,0
ID_KQIVJ0E,0
ID_KQQV6LF,0
ID_KR5LJAZ,0
ID_KR91VQB,0
ID_KRBF73I,0
ID_KRIH7PX,0
ID_KRR5WBS,0
ID_KRVBN1X,0
ID_KS2PXF3,0
ID_KSBS0DB,0
ID_KSU2VA5,0
ID_KSXIE6L,0
ID_KTSYO1F,0
ID_KTTAVYV,0
ID_KU5KSF7,0
ID_KU8TJZ5,0
ID_KVAON7P,0
ID_KVHSZ97,0
ID_KVZ7R74,0
ID_KW1AJD1,0
ID_KW1CK29,0
ID_KWO4DBU,0
ID_KWT5BOX,0
ID_KWW3ZFV,0
ID_KWWDR4S,0
ID_KWX2FUL,0
ID_KXFYB8K,0
ID_KXGR2IY,0
ID_KXKOOE6,0
ID_KXSN8CR,0
ID_KXXLEJT,0
ID_KXYTC3L,0
ID_KY09ZQP,0
ID_KY1JVIM,0
ID_KYQGOLS,0
ID_KYT6ZR3,0
ID_KZDBTOK,0
ID_KZO378Y,0
ID_KZUSO9K,0
ID_L067ZZE,0
ID_L0G0LBM,0
ID_L0SYUD5,0
ID_L0U0CG4,0
ID_L147EJS,0
ID_L16ELZ8,0
ID_L2DBT63,0
ID_L2MNYAS,0
ID_L2UMXVI,0
ID_L3GYOTL,0
ID_L3X62M8,0
ID_L3XGOHQ,0
ID_L3XKYKQ,0
ID_L429IJS,0
ID_L4D3GR9,0
ID_L4D5270,0
ID_L4LYHMU,0
ID_L4MWIQN,0
ID_L4RFW8L,0
ID_L4Z2NE8,0
ID_L539TZ1,0
ID_L53FCDD,0
ID_L54B2T4,0
ID_L5GVMIE,0
ID_L5NXMYY,0
ID_L6EEXGR,0
ID_L6HPJKW,0
ID_L6OIT3Y,0
ID_L7E2D2U,0
ID_L7L6W1K,0
ID_L815JT8,0
ID_L85MWDX,0
ID_L8FLO09,0
ID_L8GAHIX,0
ID_L8NPF0I,0
ID_L8OS79F,0
ID_L913QTT,0
ID_L9DAHFY,0
ID_L9FPGNF,0
ID_L9XG438,0
ID_L9ZQZDT,0
ID_LA0EQBA,0
ID_LAG2M73,0
ID_LANXD9Q,0
ID_LBOH008,0
ID_LBPFDA3,0
ID_LBS01HB,0
ID_LC75TUR,0
ID_LCA2AU2,0
ID_LCBEAJX,0
ID_LCCTXOQ,0
ID_LCZEFPV,0
ID_LDBCWUA,0
ID_LDGAPU4,0
ID_LDK6EQ1,0
ID_LDKFZY9,0
ID_LDOWMGM,0
ID_LDZ4BUQ,0
ID_LE5QNZZ,0
ID_LEAPMAZ,0
ID_LEB7BSL,0
ID_LEERJF3,0
ID_LEHO0WF,0
ID_LESR0JL,0
ID_LETUT97,0
ID_LEVJQAD,0
ID_LFL3BRC,0
ID_LFOO2C0,0
ID_LFQD604,0
ID_LFR7GYZ,0
ID_LFVKVAN,0
ID_LFWT0L8,0
ID_LG9DH68,0
ID_LGD2Q1N,0
ID_LGPB5JO,0
ID_LGUHZZK,0
ID_LGY0EVI,0
ID_LH72BPZ,0
ID_LHM375A,0
ID_LHRO4Q5,0
ID_LHTKYE9,0
ID_LHVZ9HS,0
ID_LHYBYB4,0
ID_LI4B144,0
ID_LI7DEU8,0
ID_LIAJMAI,0
ID_LISFSIC,0
ID_LITBP2G,0
ID_LJ6K421,0
ID_LJ88X7E,0
ID_LJWCUG4,0
ID_LKLWWJ0,0
ID_LKWXSRK,0
ID_LL1W0OF,0
ID_LL3UJH6,0
ID_LLJUEJC,0
ID_LLKM6LS,0
ID_LLOZ8W8,0
ID_LLVC918,0
ID_LLWOASD,0
ID_LM0VFC7,0
ID_LMHCGXW,0
ID_LMXL6QA,0
ID_LMZWIYA,0
ID_LN21Q7H,0
ID_LNMG8QM,0
ID_LNZ9AQJ,0
ID_LO78G6B,0
ID_LOSUY9E,0
ID_LOTZNRG,0
ID_LOXULVO,0
ID_LQUZFLW,0
ID_LQYJ86O,0
ID_LR078GT,0
ID_LR8HM93,0
ID_LRAU1GH,0
ID_LROM8WB,0
ID_LS017ZC,0
ID_LS45W9G,0
ID_LS5CYVM,0
ID_LS9RUI5,0
ID_LSR123W,0
ID_LT2Y516,0
ID_LT5HI4L,0
ID_LTGJHOV,0
ID_LTP9UKT,0
ID_LTR7CRN,0
ID_LU1KMHA,0
ID_LUM77ZN,0
ID_LUNKEJR,0
ID_LUPF94M,0
ID_LUQJ0XJ,0
ID_LUYL58S,0
ID_LVCNWDG,0
ID_LVI5V98,0
ID_LVKT53M,0
ID_LVTSD62,0
ID_LVWC4GD,0
ID_LW0B5PO,0
ID_LW56V9M,0
ID_LWI3QO7,0
ID_LWRPQPS,0
ID_LWW8TVW,0
ID_LXABBUI,0
ID_LXCFKEO,0
ID_LXLYPU0,0
ID_LXX8TMZ,0
ID_LXYZ2XR,0
ID_LYCE0KT,0
ID_LYS85J0,0
ID_LYX77R3,0
ID_LZGL20W,0
ID_M02CPRZ,0
ID_M0B43H6,0
ID_M0F603S,0
ID_M0FZ9T9,0
ID_M0JPINC,0
ID_M0K92G8,0
ID_M0PJN9P,0
ID_M14GJ53,0
ID_M1506F6,0
ID_M1D245G,0
ID_M20VYY7,0
ID_M2BC47K,0
ID_M2E5H9B,0
ID_M2N94IB,0
ID_M2TOFX3,0
ID_M33L6EZ,0
ID_M3512CR,0
ID_M38S1H2,0
ID_M3PEEJ8,0
ID_M3SIRG2,0
ID_M41XL1L,0
ID_M4PDVFJ,0
ID_M51I7X6,0
ID_M5K04H2,0
ID_M65ZCI1,0
ID_M67VCX2,0
ID_M6GUNQF,0
ID_M7GZOA9,0
ID_M7W8UUR,0
ID_M83AB3C,0
ID_M89FX3I,0
ID_M8H3TME,0
ID_M9BNW1R,0
ID_M9KWGRL,0
ID_M9P761W,0
ID_MA08L60,0
ID_MAEI6AL,0
ID_MAH72SU,0
ID_MB0RATN,0
ID_MB3DOX2,0
ID_MB82QHK,0
ID_MBA06OD,0
ID_MBDRFZG,0
ID_MBG7KAW,0
ID_MBG9T2N,0
ID_MBMBGLM,0
ID_MBZ9UMG,0
ID_MC2Q5FR,0
ID_MCGOSRL,0
ID_MCVFG7O,0
ID_MCXRSY4,0
ID_MCZR54C,0
ID_MDEZ0FJ,0
ID_MDF65ZF,0
ID_MDOOE23,0
ID_MDY5J71,0
ID_ME60LUT,0
ID_MEKSTUR,0
ID_MEP79QW,0
ID_MEPI9CC,0
ID_MER1ASP,0
ID_MFMT9YA,0
ID_MG5DOVH,0
ID_MG7DBXE,0
ID_MG8SAWG,0
ID_MGUUC5J,0
ID_MGYVN0Y,0
ID_MH4O6WF,0
ID_MHJCY30,0
ID_MHZS4FY,0
ID_MHZVHEM,0
ID_MI6LW4H,0
ID_MICNHYU,0
ID_MIKPWYF,0
ID_MIQXOH1,0
ID_MIUPLGE,0
ID_MJ8PVB3,0
ID_MJU9NQW,0
ID_MK0ICSE,0
ID_MK3HJ8Z,0
ID_MK4STI9,0
ID_MKLOKMQ,0
ID_ML16MSN,0
ID_MM1T8L6,0
ID_MM3OMJZ,0
ID_MM8URND,0
ID_MMMJKTK,0
ID_MMMP0MJ,0
ID_MMNXYVD,0
ID_MMW7JVB,0
ID_MNEOQVF,0
ID_MOAS2PJ,0
ID_MOAZ2NR,0
ID_MOERRGI,0
ID_MP9NHIC,0
ID_MPER6BR,0
ID_MPWOI03,0
ID_MPX3N04,0
ID_MQ4J1WC,0
ID_MQDP6VC,0
ID_MQPFB1V,0
ID_MRC3C0G,0
ID_MRNF20H,0
ID_MRXPZ3I,0
ID_MSNKZHK,0
ID_MSNO04Y,0
ID_MT0WAP8,0
ID_MT9ZDZL,0
ID_MTKO0XT,0
ID_MU2XNPA,0
ID_MU3N61S,0
ID_MU85MAR,0
ID_MUBO1QI,0
ID_MUCNK2N,0
ID_MUKNFZV,0
ID_MUM2I5Y,0
ID_MUOPU0W,0
ID_MUZ7XML,0
ID_MV4EOMX,0
ID_MVBRCO1,0
ID_MVE435N,0
ID_MVET52J,0
ID_MVGP519,0
ID_MWCDXKL,0
ID_MWHAGE0,0
ID_MXBJQ9V,0
ID_MXG0LCT,0
ID_MXTTEA3,0
ID_MY0R62H,0
ID_MYENAUK,0
ID_MYIALU0,0
ID_MYKH3OX,0
ID_MZ1MPVI,0
ID_MZ90ZRN,0
ID_MZPS3W5,0
ID_MZSWYDE,0
ID_MZZDLZ8,0
ID_N055X01,0
ID_N0G1WLD,0
ID_N0IQ3OF,0
ID_N0OGLM9,0
ID_N0UYZ1W,0
ID_N1HOX58,0
ID_N2DSB2N,0
ID_N2KBUVT,0
ID_N30FT47,0
ID_N33CAVY,0
ID_N34NGRA,0
ID_N3DCGAT,0
ID_N3VC5NA,0
ID_N3Z5TT7,0
ID_N41T7DN,0
ID_N4B404K,0
ID_N4DYBT4,0
ID_N4P49Y1,0
ID_N55JDS9,0
ID_N5SDIE0,0
ID_N638W9Y,0
ID_N67PMQ5,0
ID_N7NMJQL,0
ID_N7R8DDZ,0
ID_N7YND65,0
ID_N8CGZC0,0
ID_N8N199Q,0
ID_N8XL5FJ,0
ID_N91URJ7,0
ID_N9HLGR2,0
ID_NA4ZQPN,0
ID_NAJBTNH,0
ID_NB7GVOD,0
ID_NBJU28M,0
ID_NBNKF5Q,0
ID_NCDEHSI,0
ID_NCV2NG0,0
ID_NCV9CZH,0
ID_NCVPTPL,0
ID_NDBDVBQ,0
ID_NDEERZV,0
ID_NDKXI8B,0
ID_NDWE62T,0
ID_NEC4BU1,0
ID_NEELU5Y,0
ID_NF11NQ2,0
ID_NF17TUQ,0
ID_NF6LCGI,0
ID_NFA3LP5,0
ID_NFBYJ4W,0
ID_NFK85EJ,0
ID_NFP021S,0
ID_NFYISSY,0
ID_NG4056H,0
ID_NGHH407,0
ID_NGHM2G0,0
ID_NGYCH8Z,0
ID_NH2DVBK,0
ID_NH5YLIJ,0
ID_NHBP2EN,0
ID_NHDN6RU,0
ID_NI2EZ2B,0
ID_NI4W5QF,0
ID_NIOSF60,0
ID_NIQE1WE,0
ID_NIY5ZDR,0
ID_NJ97EVK,0
ID_NJLHHGH,0
ID_NJM3YQ6,0
ID_NKJDMXH,0
ID_NKSTU9G,0
ID_NL0VPRD,0
ID_NL5PIF4,0
ID_NLAIARM,0
ID_NLY0GKP,0
ID_NMGG09T,0
ID_NML25DC,0
ID_NMPC5MY,0
ID_NMTVJ2O,0
ID_NN7BZGI,0
ID_NNF7YS1,0
ID_NNLXESO,0
ID_NO2EVRS,0
ID_NOAPS0H,0
ID_NOIP2ML,0
ID_NOIRA9D,0
ID_NOKCNSV,0
ID_NOKIFJC,0
ID_NOY0DPO,0
ID_NP27GS6,0
ID_NQ6WYDE,0
ID_NQQ4MEZ,0
ID_NQXZ80I,0
ID_NR3EJPE,0
ID_NR7FRDY,0
ID_NRJYBFH,0
ID_NROODIH,0
ID_NS5JS2F,0
ID_NSN5IVH,0
ID_NSNN25R,0
ID_NSW4UTU,0
ID_NSXDTM2,0
ID_NT01XYF,0
ID_NT0Q29Q,0
ID_NT5804S,0
ID_NT5ZOTP,0
ID_NTBBS9G,0
ID_NTMILU4,0
ID_NU8GZC6,0
ID_NUAAOZC,0
ID_NUMFDCC,0
ID_NUR9NB4,0
ID_NUXD9U8,0
ID_NUYT8HT,0
ID_NV26NWY,0
ID_NV2WSE1,0
ID_NV7M88A,0
ID_NVRPLX4,0
ID_NW51CW5,0
ID_NW5IUSX,0
ID_NW6HNU7,0
ID_NWAMJU4,0
ID_NX63QB1,0
ID_NXI00T8,0
ID_NXPGCK6,0
ID_NY02IF5,0
ID_NYETKYK,0
ID_NYKBZ19,0
ID_NYNJWSH,0
ID_NYOAN76,0
ID_NYON0CG,0
ID_NYRPCM6,0
ID_NYWSHLR,0
ID_NZ3P13F,0
ID_NZD71WD,0
ID_O0C3105,0
ID_O0M5GS2,0
ID_O0QV8Q8,0
ID_O0V174R,0
ID_O108BJG,0
ID_O12HYQK,0
ID_O13SV9G,0
ID_O16M72N,0
ID_O1G929H,0
ID_O1GVOV6,0
ID_O1HGSF8,0
ID_O1LK7VI,0
ID_O1M4QSJ,0
ID_O1MYC8K,0
ID_O1N2GVT,0
ID_O1NWTPH,0
ID_O1YGNZT,0
ID_O1ZYWM1,0
ID_O23J5EB,0
ID_O2Z77R9,0
ID_O3A2ZX0,0
ID_O3DTQP8,0
ID_O3MBAJ6,0
ID_O44PFOV,0
ID_O47T6DR,0
ID_O4FWRLG,0
ID_O4NGFO6,0
ID_O4TGXGK,0
ID_O59JGGU,0
ID_O5UAOOQ,0
ID_O60QQJH,0
ID_O629VY4,0
ID_O6568AT,0
ID_O6IMLGG,0
ID_O6IVCN3,0
ID_O6JMZQU,0
ID_O6MBQ87,0
ID_O78LR3Q,0
ID_O7HOVBW,0
ID_O7KRBGJ,0
ID_O7M69ZO,0
ID_O7WW1L7,0
ID_O8B72JC,0
ID_O8ITSP1,0
ID_O8PSLV4,0
ID_O8Q3FX3,0
ID_O8ZQGHA,0
ID_O9C0GVB,0
ID_O9HA41B,0
ID_O9L3ZUV,0
ID_O9NRS8R,0
ID_O9T75UU,0
ID_O9Y5AIZ,0
ID_O9Y5TZF,0
ID_OA0R6A4,0
ID_OAA1K1Y,0
ID_OADI9AW,0
ID_OAOK5EV,0
ID_OAPLZYU,0
ID_OARRT8B,0
ID_OB26T0N,0
ID_OB2KCOF,0
ID_OB5TIIF,0
ID_OBGETXJ,0
ID_OBO9KL0,0
ID_OBOVAPM,0
ID_OBPR1AK,0
ID_OBTZJPS,0
ID_OCBJGZZ,0
ID_OCG113R,0
ID_OCPZU3W,0
ID_OCQWUHV,0
ID_OD6J0L8,0
ID_ODBR0XK,0
ID_ODCPIFZ,0
ID_ODHZC9G,0
ID_ODRBB4N,0
ID_OE5J5M6,0
ID_OESM40Z,0
ID_OFA9XWW,0
ID_OFBNQ8D,0
ID_OFD1S1W,0
ID_OFEMWWF,0
ID_OFM79N4,0
ID_OFMGSQ5,0
ID_OG1I9YI,0
ID_OG4N0S6,0
ID_OH242V0,0
ID_OHXPL0T,0
ID_OIBKCW7,0
ID_OIEOYAX,0
ID_OIG2JTH,0
ID_OIIKWKR,0
ID_OIZRRFG,0
ID_OJPBFND,0
ID_OJVRTX4,0
ID_OK4416G,0
ID_OKYOBH3,0
ID_OKYVXW8,0
ID_OLZZG6U,0
ID_OM6UGL5,0
ID_OMV3OQD,0
ID_OMVS4UL,0
ID_OMWOVDC,0
ID_ON4R50T,0
ID_ON8O7VO,0
ID_ONWTJ2H,0
ID_ONZ8WK6,0
ID_OOHBLKX,0
ID_OOHIM7T,0
ID_OOKSY68,0
ID_OOVX8ZT,0
ID_OOW8WNS,0
ID_OOW9BSJ,0
ID_OP17M47,0
ID_OPOC91N,0
ID_OPRAMT3,0
ID_OPUXI5W,0
ID_OQQ7291,0
ID_OQQOIOY,0
ID_OQW69NB,0
ID_OR9UL8Z,0
ID_ORWKEJW,0
ID_OS11ZKB,0
ID_OSL2ZGJ,0
ID_OT1CQFC,0
ID_OTDMZ7K,0
ID_OTMACIJ,0
ID_OUJULE3,0
ID_OULA35G,0
ID_OUQ8G6U,0
ID_OV7UMDR,0
ID_OV8ZFTG,0
ID_OVMMFWT,0
ID_OVZCVPW,0
ID_OW8XZXL,0
ID_OWGNP5G,0
ID_OXFMEMU,0
ID_OXGQNXJ,0
ID_OXUFF7R,0
ID_OXZ79RQ,0
ID_OY00B9Q,0
ID_OY0SEHQ,0
ID_OY8Z993,0
ID_OYNTLUF,0
ID_OZB5XZ0,0
ID_OZJVS5I,0
ID_OZYM166,0
ID_P01WHV0,0
ID_P098CG8,0
ID_P0EOCV2,0
ID_P0KV346,0
ID_P0TO0AH,0
ID_P19E6E1,0
ID_P1J2OHF,0
ID_P1KW84F,0
ID_P1TBNQA,0
ID_P1V8NOC,0
ID_P2SNN43,0
ID_P308U6J,0
ID_P36J0EH,0
ID_P3EUZR2,0
ID_P476JZF,0
ID_P4BUTPC,0
ID_P4FVWBL,0
ID_P4YE6YB,0
ID_P5CKB04,0
ID_P5HW0TL,0
ID_P5ONZSX,0
ID_P5PKUUO,0
ID_P5TQDKV,0
ID_P62CEWC,0
ID_P64EVDT,0
ID_P6T2DD2,0
ID_P6W3SC5,0
ID_P7K1AXN,0
ID_P7SI4J1,0
ID_P7YTAMR,0
ID_P880P1V,0
ID_P8BO7JU,0
ID_P8I0P88,0
ID_P8MRRD3,0
ID_P91661S,0
ID_P9FB7AM,0
ID_P9J945Y,0
ID_P9YBDIE,0
ID_PA25HFV,0
ID_PA4MAQG,0
ID_PAPAJC4,0
ID_PB3A3S5,0
ID_PBA8Z8Y,0
ID_PBH4GK0,0
ID_PBM2ZKG,0
ID_PBOK3X1,0
ID_PBSQA5F,0
ID_PBWPED3,0
ID_PC4MK1G,0
ID_PCAK839,0
ID_PCIVY5J,0
ID_PCXUF01,0
ID_PD8TFGD,0
ID_PDAIE8K,0
ID_PDZ2Z60,0
ID_PE1J486,0
ID_PEBRZHP,0
ID_PED5PQ7,0
ID_PENAO7A,0
ID_PFFF6K5,0
ID_PFIP6AR,0
ID_PFS9O2S,0
ID_PFV1AO2,0
ID_PG1R20C,0
ID_PG2MTDK,0
ID_PGEP9R5,0
ID_PGGMTP9,0
ID_PGRTC6J,0
ID_PHFALTA,0
ID_PHFDZG0,0
ID_PI1ET7G,0
ID_PI4IABR,0
ID_PIHRVJF,0
ID_PIKTI7W,0
ID_PIN4BOL,0
ID_PJ2IS6Y,0
ID_PJ5X7TU,0
ID_PJISZ2P,0
ID_PJJV61J,0
ID_PJSUGHS,0
ID_PJZSCZM,0
ID_PKE8TGI,0
ID_PKLVLWL,0
ID_PKOIYE5,0
ID_PKP4N20,0
ID_PL6NBMT,0
ID_PLH3TE6,0
ID_PLIK2B2,0
ID_PLO98SF,0
ID_PLY6VUK,0
ID_PM3CM7W,0
ID_PM84ZIV,0
ID_PM8CAIW,0
ID_PMEJR2Y,0
ID_PNCLV7M,0
ID_PNE6T1S,0
ID_PNED8VU,0
ID_PNVJ3RH,0
ID_PO2L1TY,0
ID_PO6OYAF,0
ID_POQ1MPG,0
ID_PP625F9,0
ID_PPHOQN3,0
ID_PPO1SR2,0
ID_PPSTV2B,0
ID_PQ3HMFA,0
ID_PQBU2BP,0
ID_PQGYBPK,0
ID_PQL5ML9,0
ID_PR2MJ5U,0
ID_PRG50TV,0
ID_PRIUJS1,0
ID_PRLCWU0,0
ID_PS76AG7,0
ID_PS9GOHL,0
ID_PT8C3A6,0
ID_PTNWE3B,0
ID_PUT7K5R,0
ID_PUZJ0FB,0
ID_PWMC3Q5,0
ID_PWQDTAG,0
ID_PX16IO3,0
ID_PXQBUN6,0
ID_PYKBUGL,0
ID_PYN3NHH,0
ID_PYPXX3K,0
ID_PYS00JF,0
ID_PYSBX1G,0
ID_PYVFQC6,0
ID_PZ5ADBY,0
ID_PZ5U10A,0
ID_PZ9QE6Z,0
ID_PZRFNND,0
ID_PZU8YD8,0
ID_Q01Z9UC,0
ID_Q02IWAM,0
ID_Q06J9S2,0
ID_Q0CKYQD,0
ID_Q0X0JEB,0
ID_Q11PWC0,0
ID_Q1A6EDZ,0
ID_Q1BFZ74,0
ID_Q1TZA4P,0
ID_Q1XD15W,0
ID_Q20T6D2,0
ID_Q217V7F,0
ID_Q22XKT7,0
ID_Q26E44Z,0
ID_Q27DI1G,0
ID_Q2HJGRR,0
ID_Q31HKE9,0
ID_Q38I9L1,0
ID_Q3NK4IS,0
ID_Q3URBVD,0
ID_Q45CTA4,0
ID_Q461H6K,0
ID_Q4C6FY9,0
ID_Q4J81Z9,0
ID_Q4OY2D2,0
ID_Q5BBNIP,0
ID_Q5GFHKX,0
ID_Q647SRM,0
ID_Q6BCAGD,0
ID_Q6GA3AY,0
ID_Q6GKOAQ,0
ID_Q6K2D16,0
ID_Q6UN8IQ,0
ID_Q6V63C3,0
ID_Q6XIUDD,0
ID_Q7IFC4M,0
ID_Q7MDRAQ,0
ID_Q7WRISX,0
ID_Q89NYG9,0
ID_Q8WSTWH,0
ID_Q9H1UGX,0
ID_Q9MG85H,0
ID_Q9VM88K,0
ID_QA8BAYC,0
ID_QAANH27,0
ID_QAD5NGL,0
ID_QAMC339,0
ID_QASAINF,0
ID_QAV4FSF,0
ID_QBA1TW0,0
ID_QBG9ARR,0
ID_QBGVMNM,0
ID_QBR9Z8M,0
ID_QBV1HDH,0
ID_QCC8MP9,0
ID_QCGL7BP,0
ID_QCX9W7P,0
ID_QD10978,0
ID_QDQ69A4,0
ID_QDT4OJ4,0
ID_QDUIKFT,0
ID_QDWFMIA,0
ID_QE6VRKE,0
ID_QEER51J,0
ID_QETG0VG,0
ID_QEZOWTZ,0
ID_QFLN7W5,0
ID_QG7ZUG5,0
ID_QGAKY6E,0
ID_QGBF3PV,0
ID_QGKRZXE,0
ID_QGX55XN,0
ID_QH1KYDV,0
ID_QHBJ2TZ,0
ID_QHLS2WZ,0
ID_QHPXN4P,0
ID_QI02B57,0
ID_QIBN585,0
ID_QILTKKM,0
ID_QIUPJCI,0
ID_QJ8EM5G,0
ID_QJAIOZP,0
ID_QJHGYXT,0
ID_QJRAEEN,0
ID_QJVLMND,0
ID_QJVWGXX,0
ID_QKLJB8J,0
ID_QKQIPKE,0
ID_QKRSS3I,0
ID_QL67EM0,0
ID_QLL63O7,0
ID_QLVMFMF,0
ID_QLZOSYD,0
ID_QMA7540,0
ID_QMCDHXG,0
ID_QMIL3Z4,0
ID_QMK143G,0
ID_QMLW68J,0
ID_QMS9068,0
ID_QNXA328,0
ID_QOAWYGM,0
ID_QQQEM6I,0
ID_QR1L02F,0
ID_QRCK4Z2,0
ID_QRU9JI4,0
ID_QSC5YFN,0
ID_QSFSCVC,0
ID_QSGL6JN,0
ID_QSLF45W,0
ID_QSS8GN4,0
ID_QSTROSN,0
ID_QSYGAX7,0
ID_QT82QYV,0
ID_QTBER9G,0
ID_QTD1VII,0
ID_QUAUKQC,0
ID_QUQN99R,0
ID_QUROH6E,0
ID_QUS5UOT,0
ID_QUWR3Q0,0
ID_QV51H90,0
ID_QV5P8TV,0
ID_QVOV8CL,0
ID_QVT9UYK,0
ID_QVX9WXU,0
ID_QW13HXD,0
ID_QW1ESQE,0
ID_QWGLG6U,0
ID_QWHMR6P,0
ID_QX1XVVQ,0
ID_QX4B87T,0
ID_QX4XG2F,0
ID_QYDTR8W,0
ID_QYHX2UT,0
ID_QZQ1904,0
ID_R0B7AA9,0
ID_R0I6FI5,0
ID_R11J8HD,0
ID_R27Y1JU,0
ID_R2EWPKY,0
ID_R2K341F,0
ID_R2Q022I,0
ID_R2W6WWC,0
ID_R2ZF09Y,0
ID_R32D7EA,0
ID_R3SS0YR,0
ID_R3ZIZKJ,0
ID_R41NC1B,0
ID_R45T68H,0
ID_R4FDQDG,0
ID_R4MHB28,0
ID_R4WBA7B,0
ID_R5RVZO3,0
ID_R5RWAUP,0
ID_R7077AX,0
ID_R71G8W1,0
ID_R7BDCAQ,0
ID_R87C3HP,0
ID_R8IPW9K,0
ID_R8WA47K,0
ID_R9AT37E,0
ID_RA1JUV0,0
ID_RA5TGO5,0
ID_RAFZY6Y,0
ID_RAKLE6X,0
ID_RAUC97S,0
ID_RAXUBRO,0
ID_RB3FJUS,0
ID_RBRU56O,0
ID_RBSB6Z3,0
ID_RBVFWP5,0
ID_RC08TKP,0
ID_RC6HKEL,0
ID_RC8K8OL,0
ID_RCRAENR,0
ID_RCTEAN2,0
ID_RCUVMR8,0
ID_RD81FHS,0
ID_RDF1L0G,0
ID_RDJK79K,0
ID_RDM2M4E,0
ID_RDMUATS,0
ID_RE2LRPT,0
ID_RER2BJD,0
ID_RER9WS0,0
ID_RF7KKX1,0
ID_RF839E5,0
ID_RFCXCUE,0
ID_RFMVU2J,0
ID_RFTYXNP,0
ID_RFVPRZZ,0
ID_RFZMTWZ,0
ID_RGANEVX,0
ID_RGKYB7O,0
ID_RGR8YS7,0
ID_RGSWTP9,0
ID_RGY0RD4,0
ID_RGY2GRX,0
ID_RHB20J7,0
ID_RHBWCSE,0
ID_RHLXE77,0
ID_RIO96DF,0
ID_RJK89YR,0
ID_RJXMGCH,0
ID_RK1XZHE,0
ID_RK9P1B6,0
ID_RKALOJV,0
ID_RKBLQHH,0
ID_RKGU29U,0
ID_RKL4KK4,0
ID_RKO88J6,0
ID_RKY34GF,0
ID_RL2Y541,0
ID_RL9N1T9,0
ID_RLC0GHX,0
ID_RLG1CUG,0
ID_RLGR3E8,0
ID_RLOZMRF,0
ID_RLPQCDZ,0
ID_RLXKIQJ,0
ID_RLXR2WA,0
ID_RM8LPD4,0
ID_RMAH3AB,0
ID_RMGFYF9,0
ID_RN4BX7Q,0
ID_RNHT6UR,0
ID_RNIXNTU,0
ID_RNP7U5X,0
ID_RNWN27S,0
ID_RO1WIU8,0
ID_RO5K0HA,0
ID_RO8VM84,0
ID_RO8Y0VS,0
ID_RO98LJS,0
ID_ROOJY0Y,0
ID_ROQ0T4I,0
ID_ROUKNN4,0
ID_RP0IJ5X,0
ID_RPP6Q5I,0
ID_RPS6TVY,0
ID_RQ2MGUT,0
ID_RQ5MSV4,0
ID_RQ6JC74,0
ID_RQB041V,0
ID_RQCW86J,0
ID_RQI1XYI,0
ID_RQJJT80,0
ID_RR0YZZK,0
ID_RRC95K0,0
ID_RRL1IRM,0
ID_RRMWXVD,0
ID_RRR9E6D,0
ID_RS25879,0
ID_RS76ZXO,0
ID_RSCH2SZ,0
ID_RTIO0G2,0
ID_RTIR7PW,0
ID_RTQ1EXS,0
ID_RTVVWEY,0
ID_RTWONS7,0
ID_RU08J1P,0
ID_RU3TERX,0
ID_RU4BZT2,0
ID_RUBG39L,0
ID_RUHZEX5,0
ID_RUIQ6JT,0
ID_RUSRI68,0
ID_RUX3DJ7,0
ID_RV9FITI,0
ID_RVHS9RW,0
ID_RVJUJLB,0
ID_RVO21S1,0
ID_RVOK2LK,0
ID_RVVOPHP,0
ID_RW2JUQ3,0
ID_RWGETZ8,0
ID_RWHA9H1,0
ID_RWXW77X,0
ID_RWZFGQM,0
ID_RXEX4KV,0
ID_RY2OOKF,0
ID_RY4OMUC,0
ID_RYOKA9Y,0
ID_RYQDOBN,0
ID_RZI7U0B,0
ID_RZLU950,0
ID_RZTC7QK,0
ID_RZUQJZO,0
ID_S053KPA,0
ID_S05E402,0
ID_S05P5Y9,0
ID_S0FIZ86,0
ID_S28EI2V,0
ID_S2LMW58,0
ID_S2TS8X8,0
ID_S2VM2TP,0
ID_S2ZOG4K,0
ID_S400352,0
ID_S473II4,0
ID_S4OMCIA,0
ID_S4RF315,0
ID_S4U4D4G,0
ID_S4W7LIL,0
ID_S4X1AXZ,0
ID_S4X28LN,0
ID_S521EPH,0
ID_S54BBI5,0
ID_S591W8H,0
ID_S5BEBWA,0
ID_S5U65UO,0
ID_S64LS13,0
ID_S6J1S8I,0
ID_S6XIG6Q,0
ID_S7VD5IJ,0
ID_S8ANSK4,0
ID_S8MS7OJ,0
ID_S8OT3IA,0
ID_S8P43GL,0
ID_S8S8EEH,0
ID_S8UKRL3,0
ID_S927H6Z,0
ID_S97X05L,0
ID_S9QLDJ6,0
ID_SAIAC0C,0
ID_SAN44T2,0
ID_SARZS8E,0
ID_SB1YZTO,0
ID_SB2ZWM7,0
ID_SBGYYYU,0
ID_SBLP1FF,0
ID_SBQK8FQ,0
ID_SBY1IKA,0
ID_SCD69G9,0
ID_SCFWMKK,0
ID_SCJGCJF,0
ID_SCJXLWE,0
ID_SD99XDF,0
ID_SDE608N,0
ID_SE2RZ6K,0
ID_SEUO0ZX,0
ID_SEVUS4D,0
ID_SF72BFI,0
ID_SFDFHUT,0
ID_SFE8HR1,0
ID_SFKTLIY,0
ID_SG6FZ9M,0
ID_SGF57PD,0
ID_SGJGYIG,0
ID_SGXVPKW,0
ID_SH3167D,0
ID_SHDZ0JI,0
ID_SHP1OUJ,0
ID_SHUDCB8,0
ID_SHVHR79,0
ID_SI2E5AL,0
ID_SIB36B1,0
ID_SIJF3UE,0
ID_SIYSETD,0
ID_SJYAAZE,0
ID_SK30V3O,0
ID_SK5BNVR,0
ID_SK9XTI5,0
ID_SKJC0L5,0
ID_SKOKRM8,0
ID_SL5K7A9,0
ID_SLCTEAC,0
ID_SLQTR1P,0
ID_SLZOQNE,0
ID_SM97JUB,0
ID_SME7UK4,0
ID_SMI05CY,0
ID_SN90C91,0
ID_SNK9XQ9,0
ID_SNLILGE,0
ID_SNMGLUS,0
ID_SNNDO7K,0
ID_SOHHABR,0
ID_SOMXHHJ,0
ID_SP2P003,0
ID_SQA65PJ,0
ID_SR1TGP0,0
ID_SR21G69,0
ID_SR3NH5W,0
ID_SR8941B,0
ID_SRJNDZ0,0
ID_SRSY8X9,0
ID_SRY4FYT,0
ID_SS8474X,0
ID_SSDA7J7,0
ID_SSDDVEU,0
ID_SSMVI86,0
ID_ST0L9HG,0
ID_ST1TR37,0
ID_ST3APTZ,0
ID_STHBOIH,0
ID_STITTVP,0
ID_STO7HQX,0
ID_SU1847D,0
ID_SU4XOLR,0
ID_SUOJN3S,0
ID_SUSHWBR,0
ID_SV7WEP2,0
ID_SVHM370,0
ID_SVI55LM,0
ID_SVRP2LW,0
ID_SVUQFIT,0
ID_SVWH1CR,0
ID_SW7UXI1,0
ID_SWGURD3,0
ID_SWVD0LT,0
ID_SWWGHL9,0
ID_SXG4MXS,0
ID_SY0522E,0
ID_SZ8DRVC,0
ID_SZESA4P,0
ID_SZJ490Y,0
ID_SZVUF0B,0
ID_T045HSP,0
ID_T06W4A0,0
ID_T0JU266,0
ID_T0LA9TX,0
ID_T0M5LB6,0
ID_T0V4WEU,0
ID_T0W0GKV,0
ID_T19OJQ3,0
ID_T1DRXOH,0
ID_T1EFL44,0
ID_T1IP0KD,0
ID_T1XKTCC,0
ID_T1ZSFZS,0
ID_T29SXXB,0
ID_T2M5MSX,0
ID_T2TCXMD,0
ID_T352OGB,0
ID_T36BTEA,0
ID_T3GTDFP,0
ID_T3R8A3J,0
ID_T41C3X2,0
ID_T4EEIJW,0
ID_T4JSJ9F,0
ID_T4YGI2X,0
ID_T5HVF0N,0
ID_T5UAAOF,0
ID_T65K2ZH,0
ID_T6L97P2,0
ID_T6QVBSU,0
ID_T6QXX1R,0
ID_T6SLOYL,0
ID_T78H6ZJ,0
ID_T7DJV2C,0
ID_T7MLATL,0
ID_T7UQ4GZ,0
ID_T8BABB2,0
ID_T8DKKGT,0
ID_T8HDQDU,0
ID_T8XR7L6,0
ID_T986UPQ,0
ID_T9SZ6PN,0
ID_T9XJGBU,0
ID_TABZ8J4,0
ID_TACO70R,0
ID_TAGLXIC,0
ID_TAJPXKI,0
ID_TC1BU3J,0
ID_TC90IRI,0
ID_TCSSS4Q,0
ID_TCTXSDG,0
ID_TD4G0PI,0
ID_TDAOXRT,0
ID_TDBCFBJ,0
ID_TDGDM87,0
ID_TDGVIAC,0
ID_TDRXCGK,0
ID_TE3TIZN,0
ID_TEC9UZC,0
ID_TEGAA1K,0
ID_TFEGWKK,0
ID_TFF444Z,0
ID_TFJ3N29,0
ID_TG12ETJ,0
ID_TG8BI3L,0
ID_TGALQY1,0
ID_TGI2RNC,0
ID_TGL3Z9Q,0
ID_TH5NAGF,0
ID_TH6D7E0,0
ID_TH6IGD2,0
ID_THSBVJD,0
ID_THYMDN3,0
ID_TIBIUAS,0
ID_TIDXWNZ,0
ID_TIE3KL6,0
ID_TILPSD9,0
ID_TIPN93T,0
ID_TIVGLCP,0
ID_TJJ9OBZ,0
ID_TJTS213,0
ID_TK3HESC,0
ID_TK7OIJS,0
ID_TKF1UQ1,0
ID_TKLK2XP,0
ID_TKQK7BM,0
ID_TLBS164,0
ID_TLUQ0JG,0
ID_TLW1KLQ,0
ID_TM7WG8K,0
ID_TMJPMMX,0
ID_TN6LRKI,0
ID_TNFSMY1,0
ID_TNX0ETB,0
ID_TNYEA1I,0
ID_TO1MJ60,0
ID_TP5UXL5,0
ID_TPJCXXW,0
ID_TPXL5S7,0
ID_TQ2KIDC,0
ID_TQ78I95,0
ID_TQ8WFXG,0
ID_TQ9TXUN,0
ID_TQTIZXH,0
ID_TRP2IKV,0
ID_TRPSXMT,0
ID_TRPXU5T,0
ID_TRS84PL,0
ID_TS0VEFU,0
ID_TS181WU,0
ID_TS34UCH,0
ID_TS5ACJA,0
ID_TS5YQT4,0
ID_TS9Q183,0
ID_TSGOIC2,0
ID_TSITLOD,0
ID_TSML5A4,0
ID_TSNM5DH,0
ID_TSSKKPL,0
ID_TSTMEG4,0
ID_TSTNWY9,0
ID_TT9NE3U,0
ID_TTAXJY8,0
ID_TTH0G3Z,0
ID_TTUEN5E,0
ID_TTZI60G,0
ID_TU49J9J,0
ID_TU60MFL,0
ID_TUQ1J3B,0
ID_TURZWNO,0
ID_TV8VWO2,0
ID_TVSZWQC,0
ID_TVVN68H,0
ID_TW3ZD5X,0
ID_TW94DF5,0
ID_TWF2P8N,0
ID_TWGMZ16,0
ID_TWNSEON,0
ID_TXMTJWS,0
ID_TXPYWND,0
ID_TXRI06W,0
ID_TXSU3QL,0
ID_TXTUKJT,0
ID_TY1XBY0,0
ID_TY6WNGZ,0
ID_TYROZ32,0
ID_TYS4HNY,0
ID_TYU83J1,0
ID_TYVQAP4,0
ID_TZ3Z5E1,0
ID_TZ9S6IH,0
ID_TZITI82,0
ID_U04U4YA,0
ID_U0P0O9P,0
ID_U15FZYX,0
ID_U17IWLE,0
ID_U19KT2W,0
ID_U1KEXKU,0
ID_U1N10KK,0
ID_U22R33N,0
ID_U22TXWH,0
ID_U23KU5W,0
ID_U2A3BVB,0
ID_U2K1Q14,0
ID_U2OT0Z6,0
ID_U302FT0,0
ID_U3FIRAP,0
ID_U3LDT18,0
ID_U3XB7ZY,0
ID_U4Q6G91,0
ID_U53SDGL,0
ID_U5HFBJM,0
ID_U61JF68,0
ID_U6AGQ3C,0
ID_U6CK6SE,0
ID_U6KBMEC,0
ID_U6KJ2T0,0
ID_U6XCMJ6,0
ID_U7PSE1C,0
ID_U7TPU97,0
ID_U815DLY,0
ID_U86U4DE,0
ID_U8HNULM,0
ID_U8I2BQJ,0
ID_U8R3INO,0
ID_U91ES6D,0
ID_U9D54BB,0
ID_U9J923L,0
ID_U9YCUV5,0
ID_UAO3GS0,0
ID_UB2O3P2,0
ID_UB4F0YY,0
ID_UBSXH3I,0
ID_UBT89B8,0
ID_UC1B57P,0
ID_UCUJOQA,0
ID_UD905J8,0
ID_UDG2PJW,0
ID_UDSJTR0,0
ID_UE86B2F,0
ID_UEYXKS7,0
ID_UF9IREF,0
ID_UFBKWPI,0
ID_UFI95JN,0
ID_UFMX4S0,0
ID_UFZ6W5K,0
ID_UG3FTPT,0
ID_UG5EFU7,0
ID_UGNZF7K,0
ID_UGVUDUX,0
ID_UH4Y9XJ,0
ID_UH6PX4L,0
ID_UHAN1P0,0
ID_UI3K1Q9,0
ID_UIGSNEG,0
ID_UIL1KZ6,0
ID_UIZBQN7,0
ID_UJ5YTGP,0
ID_UJATIWE,0
ID_UJMDRME,0
ID_UKH4W41,0
ID_UKH50SQ,0
ID_UKJMGME,0
ID_UL3GZN8,0
ID_ULLIOHF,0
ID_ULW7MFR,0
ID_ULXZLWM,0
ID_UM41ZMN,0
ID_UML0YPG,0
ID_UMV2PV1,0
ID_UMWUEU0,0
ID_UN3WBVD,0
ID_UNP81GL,0
ID_UOBWYR7,0
ID_UOHPRIM,0
ID_UOTQE5H,0
ID_UPRTSMO,0
ID_UPTJALS,0
ID_UPZDY1Z,0
ID_UQ1NBC0,0
ID_UQ2UUST,0
ID_UQ88EMB,0
ID_UQEA0OZ,0
ID_UQL5L95,0
ID_URCLYL6,0
ID_URH0VC9,0
ID_URMDOQU,0
ID_URY4I3W,0
ID_URZOV14,0
ID_USGIYHL,0
ID_USPCQLE,0
ID_USRRMU8,0
ID_UT0CFRC,0
ID_UT6ITA6,0
ID_UTEPIBP,0
ID_UTGG5BJ,0
ID_UTHNZIQ,0
ID_UTLTUEI,0
ID_UTVGQRZ,0
ID_UUBAR0F,0
ID_UUH1H91,0
ID_UUWH49S,0
ID_UVNRVK5,0
ID_UVRHCI8,0
ID_UWGZXPD,0
ID_UWHUKG1,0
ID_UWO1Z6O,0
ID_UWSDDG3,0
ID_UWUP2DB,0
ID_UX1S5KD,0
ID_UX9F13G,0
ID_UXIGYXR,0
ID_UXYAJB1,0
ID_UYJCXIO,0
ID_UYRZV51,0
ID_UZ7UAJP,0
ID_UZQCS1S,0
ID_UZRQ0BL,0
ID_V06Q0Q9,0
ID_V0ZJ1Q8,0
ID_V1930ES,0
ID_V1BA5Z5,0
ID_V1ELXIZ,0
ID_V1KOAWS,0
ID_V1P6AQ1,0
ID_V1RSMQM,0
ID_V1SRY5B,0
ID_V23K1IU,0
ID_V2DHDXF,0
ID_V2KKMTS,0
ID_V34EVD9,0
ID_V36M3QI,0
ID_V3A2LXK,0
ID_V3OST93,0
ID_V3YK45P,0
ID_V3ZHOW6,0
ID_V3ZI0GF,0
ID_V40HUEO,0
ID_V42OB4X,0
ID_V4AKZ38,0
ID_V4L18WQ,0
ID_V53BOS8,0
ID_V592QLS,0
ID_V5IA3IT,0
ID_V5LAOGV,0
ID_V5WTV0U,0
ID_V64IE8K,0
ID_V6K82HB,0
ID_V75DPR0,0
ID_V77MJCM,0
ID_V7P2EIY,0
ID_V7QCBLY,0
ID_V7U0P7N,0
ID_V80V41H,0
ID_V854JV2,0
ID_V89ZDG9,0
ID_V8BC3PV,0
ID_V8NX9AA,0
ID_V8OZLYA,0
ID_V8P3ULK,0
ID_V9KP2V7,0
ID_V9MHKL3,0
ID_V9NY2X3,0
ID_V9O6ESB,0
ID_V9ONN3L,0
ID_V9UJ2LF,0
ID_VA3M1ZE,0
ID_VA8BSKW,0
ID_VAFYC8R,0
ID_VB29M9A,0
ID_VB4JJLM,0
ID_VC3WORC,0
ID_VCES3UB,0
ID_VCJOAJO,0
ID_VCOK7L9,0
ID_VDXJJD3,0
ID_VE5QVKD,0
ID_VENZP40,0
ID_VETUTR2,0
ID_VEXPR76,0
ID_VFB8YSK,0
ID_VFMWUW2,0
ID_VFOPBA0,0
ID_VFYUP13,0
ID_VGAX5IZ,0
ID_VGTU9SF,0
ID_VGV5GD8,0
ID_VH2JY63,0
ID_VHGYE4D,0
ID_VI36K2L,0
ID_VI3GXFJ,0
ID_VIANSK1,0
ID_VIKBEFD,0
ID_VITCXXP,0
ID_VIUMMB5,0
ID_VIVMFJA,0
ID_VIZHUS5,0
ID_VJ1TURE,0
ID_VJAZ8D3,0
ID_VJG9GZI,0
ID_VJJTPBE,0
ID_VK8UGOP,0
ID_VK8UNJZ,0
ID_VKQ3IMQ,0
ID_VKUKP8V,0
ID_VL9DKGT,0
ID_VLAD9SV,0
ID_VLDA6TJ,0
ID_VLH12HY,0
ID_VLKHXXY,0
ID_VLNKBBG,0
ID_VM1FQWV,0
ID_VMC8EYV,0
ID_VMFD8D6,0
ID_VMY2YRV,0
ID_VN0TNKZ,0
ID_VN6XDQ7,0
ID_VN7IIES,0
ID_VN8XD4Q,0
ID_VNJJ9NI,0
ID_VNT74U7,0
ID_VNWX6G5,0
ID_VOA0C3P,0
ID_VOITHVV,0
ID_VOKE3JA,0
ID_VOST0KL,0
ID_VP2GX2J,0
ID_VPAY7WN,0
ID_VPEW78A,0
ID_VPFKRY1,0
ID_VPFORIN,0
ID_VPH7QKO,0
ID_VPHBT4Q,0
ID_VPM6N5L,0
ID_VPMDEQ9,0
ID_VPQ0KU4,0
ID_VPT5FUA,0
ID_VQ0NJXS,0
ID_VQ14LWW,0
ID_VQ8N9NL,0
ID_VQRJ2PX,0
ID_VQS2FM2,0
ID_VQSUV07,0
ID_VQZE9EU,0
ID_VR02H4E,0
ID_VR2LKA3,0
ID_VRC5VVU,0
ID_VREGWNE,0
ID_VRTNELJ,0
ID_VRX4AWE,0
ID_VS5FFRP,0
ID_VSDM9YZ,0
ID_VSDN0QQ,0
ID_VSE7MPK,0
ID_VSILD8O,0
ID_VSJ7NFO,0
ID_VSUCFHM,0
ID_VSZCFH3,0
ID_VT0F842,0
ID_VT1N9WG,0
ID_VTACTTA,0
ID_VTCW4IG,0
ID_VTJNQJT,0
ID_VTWLQ73,0
ID_VU6P039,0
ID_VU6Y3EU,0
ID_VUD08FS,0
ID_VUHACQH,0
ID_VV4MW7P,0
ID_VV5CQK4,0
ID_VV5JQ25,0
ID_VVEB0D6,0
ID_VVKHQ2N,0
ID_VVP8HY8,0
ID_VW4WW09,0
ID_VWHYKCZ,0
ID_VWP0RWL,0
ID_VWTNN2C,0
ID_VWWX1XD,0
ID_VX1BL92,0
ID_VX55WLL,0
ID_VX9YW5G,0
ID_VXBOQ8K,0
ID_VXD8RFI,0
ID_VXIEF30,0
ID_VXPGLHM,0
ID_VXUDN1V,0
ID_VXZ4IBT,0
ID_VY12LKO,0
ID_VY7NWGN,0
ID_VZ6QQTN,0
ID_VZGGRFT,0
ID_W0855JY,0
ID_W0AIE6L,0
ID_W0DC7OW,0
ID_W149FKB,0
ID_W17TNKK,0
ID_W17ZHJZ,0
ID_W1ILA89,0
ID_W1MRMQ5,0
ID_W27185F,0
ID_W2NLDI4,0
ID_W2ZT9LP,0
ID_W36LTAN,0
ID_W3JGL5V,0
ID_W3SMUQP,0
ID_W3SSTJR,0
ID_W3TIH1V,0
ID_W40F683,0
ID_W4DQL6N,0
ID_W4HGZKT,0
ID_W4L35EW,0
ID_W4W9Q5F,0
ID_W4XWI6U,0
ID_W5F0KC1,0
ID_W5JXPUP,0
ID_W5U51CI,0
ID_W5XSOZS,0
ID_W6X0L7U,0
ID_W771LSW,0
ID_W7HAXK7,0
ID_W837SY4,0
ID_W88WXA0,0
ID_W8HYQX2,0
ID_W8LS42C,0
ID_W9GOYOC,0
ID_W9SH4CD,0
ID_W9UEP0W,0
ID_WA2FO4U,0
ID_WACM22F,0
ID_WAQAIAD,0
ID_WAR7ZJG,0
ID_WB3E64W,0
ID_WBZR65D,0
ID_WCQGECH,0
ID_WCXFC91,0
ID_WD5RAIN,0
ID_WDGGJSR,0
ID_WDJLU4D,0
ID_WDQOHX3,0
ID_WE5MW3D,0
ID_WF4P1E5,0
ID_WF7CWPZ,0
ID_WF80V6Y,0
ID_WFLBV7P,0
ID_WFRK7T0,0
ID_WFY4M69,0
ID_WGIT48W,0
ID_WGPGHG9,0
ID_WHC9YPM,0
ID_WHE41FC,0
ID_WHEQF8D,0
ID_WI0A1QC,0
ID_WI6NAPW,0
ID_WIA9D3S,0
ID_WIB6A1C,0
ID_WIJMWNT,0
ID_WIS98H1,0
ID_WIU6TG2,0
ID_WIWLQT7,0
ID_WJ0A4PM,0
ID_WK0PZT8,0
ID_WK37VOZ,0
ID_WKBEP6A,0
ID_WKCL5GU,0
ID_WLITMID,0
ID_WLV2TSM,0
ID_WM2LRFW,0
ID_WM7L9ZY,0
ID_WMQZOJW,0
ID_WMVQSQ8,0
ID_WNJOS1F,0
ID_WNPA2IY,0
ID_WNVRP0Y,0
ID_WO5IBK4,0
ID_WOBIOKR,0
ID_WOCQFJI,0
ID_WOKI36E,0
ID_WOOOEHM,0
ID_WP1BQO5,0
ID_WPOXM4M,0
ID_WQ5XT53,0
ID_WQIN43A,0
ID_WRELXRV,0
ID_WRHWBL0,0
ID_WRTKM4F,0
ID_WRVOZ7L,0
ID_WS2AKPW,0
ID_WS8WL41,0
ID_WSJ8RKG,0
ID_WST9FOM,0
ID_WSW6IYD,0
ID_WSY22Y5,0
ID_WT2G575,0
ID_WT78RTQ,0
ID_WTBMNYK,0
ID_WTFOI7I,0
ID_WTTQ9TY,0
ID_WTYJJO8,0
ID_WUE7SXB,0
ID_WUQM3HM,0
ID_WVOW6P8,0
ID_WVPPTSK,0
ID_WVU78ST,0
ID_WWFDX8B,0
ID_WWK3AA0,0
ID_WWUEC9U,0
ID_WX5UAUP,0
ID_WX64R78,0
ID_WXG931F,0
ID_WXGIQB8,0
ID_WXZ9H7D,0
ID_WY1T2H9,0
ID_WYWUOWW,0
ID_WZB8G72,0
ID_WZDQEVK,0
ID_WZJHTZY,0
ID_WZNEE8Z,0
ID_WZU3S3O,0
ID_WZV9PS4,0
ID_WZXKLOU,0
ID_X010ER2,0
ID_X04QSW9,0
ID_X0EK4K3,0
ID_X0NBSVE,0
ID_X1FFLDS,0
ID_X1JS9JS,0
ID_X1NLB83,0
ID_X1TKCR0,0
ID_X1YCHCV,0
ID_X1ZUOZ1,0
ID_X241M0D,0
ID_X2BM7V1,0
ID_X2PIRXM,0
ID_X2VQJE4,0
ID_X38M0V0,0
ID_X3APTQY,0
ID_X3FNLUA,0
ID_X3U9187,0
ID_X3UBZ6I,0
ID_X417I5B,0
ID_X43VIGZ,0
ID_X4GFKMN,0
ID_X4ICIN4,0
ID_X52CWGJ,0
ID_X53VXKS,0
ID_X5EEYQT,0
ID_X5ZOX6N,0
ID_X63F7CP,0
ID_X6AAZWX,0
ID_X6HU8DS,0
ID_X6LOVHN,0
ID_X6POAN2,0
ID_X709R0M,0
ID_X728FIX,0
ID_X7615C4,0
ID_X7F8710,0
ID_X7T98L1,0
ID_X7WT6QC,0
ID_X83BGL4,0
ID_X849O18,0
ID_X87HHDR,0
ID_X87OTUX,0
ID_X8AASIG,0
ID_X8EL3IC,0
ID_X972SQU,0
ID_X9UM0KE,0
ID_X9ZHR7J,0
ID_XB99PXZ,0
ID_XBFEXDV,0
ID_XBNWCHQ,0
ID_XCO28H4,0
ID_XCP7JST,0
ID_XCTMY14,0
ID_XDB05V4,0
ID_XDG8ZFJ,0
ID_XDHDB88,0
ID_XDPOVY7,0
ID_XDTFYD5,0
ID_XEIEYIT,0
ID_XEOXGMG,0
ID_XEV3GO2,0
ID_XEVB20J,0
ID_XF25QMW,0
ID_XFDSFH8,0
ID_XFZ6CG5,0
ID_XGW22FH,0
ID_XGZJGNV,0
ID_XHC7U9B,0
ID_XHZEOH8,0
ID_XIASLZY,0
ID_XIO6ODZ,0
ID_XJ5BWA1,0
ID_XJCSJYA,0
ID_XJDWESW,0
ID_XJHLPSH,0
ID_XJSMG9Q,0
ID_XJSRGE8,0
ID_XKAJQ3T,0
ID_XKL2TFK,0
ID_XKRZYMN,0
ID_XKS4BS2,0
ID_XL2Z0VV,0
ID_XL4D4RI,0
ID_XMLI8BK,0
ID_XMNF4EK,0
ID_XN07AZK,0
ID_XN1G4SW,0
ID_XN8LPEF,0
ID_XNBU9G8,0
ID_XNCKV04,0
ID_XNQ4LIO,0
ID_XNRDPXA,0
ID_XNW3NY5,0
ID_XOAFARH,0
ID_XOCCSB8,0
ID_XOO2L64,0
ID_XPWAT8V,0
ID_XPY09NF,0
ID_XQ1IOZG,0
ID_XQFTRZP,0
ID_XQLPB5E,0
ID_XRDLESX,0
ID_XRGI5Z4,0
ID_XRQ7LTK,0
ID_XRSP89B,0
ID_XRV0JPG,0
ID_XSKA87A,0
ID_XSQ27TW,0
ID_XSRF0MI,0
ID_XTF6RPF,0
ID_XTLMQWW,0
ID_XULYEX3,0
ID_XUMSXP3,0
ID_XUVJTCR,0
ID_XV3SOHQ,0
ID_XV4UA6F,0
ID_XVBWQKC,0
ID_XVHA5RU,0
ID_XVPGOYR,0
ID_XW8O2ZY,0
ID_XWG3SVH,0
ID_XWHPXQO,0
ID_XWNRZYQ,0
ID_XWNYJI5,0
ID_XWVQ5JX,0
ID_XX74K7K,0
ID_XXGBLEU,0
ID_XXV4BJS,0
ID_XY9HQ3Q,0
ID_XYCVQUL,0
ID_XYSHNJM,0
ID_XYVNA8L,0
ID_XZ628U2,0
ID_XZ9260A,0
ID_XZON90T,0
ID_XZP5XIU,0
ID_XZQXRUB,0
ID_XZX19K8,0
ID_Y0BM4W2,0
ID_Y0PMX8W,0
ID_Y0PSZNG,0
ID_Y1OT8GW,0
ID_Y1XLX4F,0
ID_Y1Y5CPS,0
ID_Y2J431Y,0
ID_Y2KZSCS,0
ID_Y2MP08W,0
ID_Y381943,0
ID_Y3IJECT,0
ID_Y3KSJVB,0
ID_Y3NZ0IB,0
ID_Y3O30PK,0
ID_Y3QGD4H,0
ID_Y4BIHCD,0
ID_Y4MU0SV,0
ID_Y4OPKQ4,0
ID_Y4U4YU9,0
ID_Y4YVMBR,0
ID_Y50K87J,0
ID_Y50UEJ8,0
ID_Y512G8T,0
ID_Y553NKH,0
ID_Y5CNBLK,0
ID_Y5FYAWB,0
ID_Y5U994T,0
ID_Y610EMD,0
ID_Y6EBON8,0
ID_Y6PSSRT,0
ID_Y6ZP0YG,0
ID_Y74F60L,0
ID_Y75UC7F,0
ID_Y7BQCFP,0
ID_Y7E5PFE,0
ID_Y7W1MEU,0
ID_Y8KGVTL,0
ID_Y9NQHVX,0
ID_Y9PG7JC,0
ID_YA3OVLV,0
ID_YA54U3B,0
ID_YAA9F74,0
ID_YAB5VR4,0
ID_YACRH79,0
ID_YAD2WTT,0
ID_YALSH52,0
ID_YAOQCIC,0
ID_YASJBOX,0
ID_YBBBY9D,0
ID_YC438YI,0
ID_YC7FKJ5,0
ID_YC97M3S,0
ID_YCKJFC6,0
ID_YCRUO1O,0
ID_YCZXSNW,0
ID_YD364JB,0
ID_YD59AMU,0
ID_YDZLP9B,0
ID_YE2XMXD,0
ID_YE31108,0
ID_YE9PJXF,0
ID_YEC4BX0,0
ID_YECF15U,0
ID_YEIJ8A5,0
ID_YEUBY7I,0
ID_YEYEPMY,0
ID_YFBF179,0
ID_YFFQKE8,0
ID_YFI3OJD,0
ID_YFJHU92,0
ID_YFZJ7NP,0
ID_YG1T6GU,0
ID_YGV6Z5H,0
ID_YH5A1HV,0
ID_YH989JL,0
ID_YHJA9NU,0
ID_YHWMDP6,0
ID_YI0007Q,0
ID_YIR8K0R,0
ID_YJ98ME2,0
ID_YJD2KND,0
ID_YJJ2PKC,0
ID_YJQF7IE,0
ID_YK3X0G0,0
ID_YK512MC,0
ID_YK5B8WE,0
ID_YK6EXHA,0
ID_YKBHGVN,0
ID_YKCBUKT,0
ID_YKX04RR,0
ID_YL6ZNDY,0
ID_YLHBBDD,0
ID_YLOLUWO,0
ID_YM1VDB6,0
ID_YM307MI,0
ID_YMVOIZV,0
ID_YMYXN7R,0
ID_YN0DYWH,0
ID_YNC2G3P,0
ID_YNCQV7O,0
ID_YNH9WSP,0
ID_YOMRP75,0
ID_YOPRFFB,0
ID_YOTGKBQ,0
ID_YP5K3T8,0
ID_YP9RPD7,0
ID_YPFD0HV,0
ID_YPFPW8A,0
ID_YPLHCLL,0
ID_YPTQKQR,0
ID_YPTZW75,0
ID_YQE7AXG,0
ID_YQO5M9G,0
ID_YQQLHZP,0
ID_YQZ3HFR,0
ID_YRA2RK6,0
ID_YRB4CG1,0
ID_YRDJ7TR,0
ID_YRGJAJJ,0
ID_YRIRLS6,0
ID_YRTOP6S,0
ID_YSDHU4E,0
ID_YSEOKMS,0
ID_YSGZ9X9,0
ID_YSH7TI8,0
ID_YT06SPD,0
ID_YT9KRJP,0
ID_YTB85ES,0
ID_YTKU8B9,0
ID_YTUOURX,0
ID_YTXABEW,0
ID_YTXPONP,0
ID_YU3L677,0
ID_YU611T2,0
ID_YU6J2U9,0
ID_YUAXG21,0
ID_YUGELOG,0
ID_YUMOMC7,0
ID_YUQJ03T,0
ID_YUVDYUU,0
ID_YUVRU97,0
ID_YUXIY8R,0
ID_YUYHADW,0
ID_YV0T3EW,0
ID_YVBCOPX,0
ID_YVFBC9O,0
ID_YVIU0M1,0
ID_YVIW7W2,0
ID_YVRP1TO,0
ID_YW1BJD4,0
ID_YX0K7FT,0
ID_YXCUDEZ,0
ID_YXIL1H6,0
ID_YXJOPFA,0
ID_YYGD99W,0
ID_YYIPJ8X,0
ID_YZ53GK4,0
ID_YZ96Z2H,0
ID_YZIDZ54,0
ID_YZVLOWQ,0
ID_Z002YDA,0
ID_Z015YGF,0
ID_Z0U8MNA,0
ID_Z13GXIS,0
ID_Z1I0RKO,0
ID_Z1KVSVO,0
ID_Z1YKGMZ,0
ID_Z2H6G4J,0
ID_Z2IKPKX,0
ID_Z2QWUW2,0
ID_Z2XG69K,0
ID_Z33YHJG,0
ID_Z34HR8I,0
ID_Z36IM3O,0
ID_Z37VBLH,0
ID_Z3M4DFB,0
ID_Z3V4WVX,0
ID_Z3YZMIV,0
ID_Z3ZL20G,0
ID_Z4BPQ82,0
ID_Z556X3D,0
ID_Z56GFVA,0
ID_Z5KZ0IN,0
ID_Z5L5K12,0
ID_Z6CNE9S,0
ID_Z6HCSF0,0
ID_Z6MHZVZ,0
ID_Z6O83XW,0
ID_Z7SJO4C,0
ID_Z7UH96U,0
ID_Z84S6Z7,0
ID_Z8DU2YT,0
ID_Z8SX5F5,0
ID_Z8UPNV2,0
ID_Z8XI6B7,0
ID_Z99VY3J,0
ID_Z9CQKLL,0
ID_Z9H9KV9,0
ID_Z9MDD99,0
ID_Z9OVONQ,0
ID_Z9XKXXL,0
ID_ZA9O4WL,0
ID_ZANAY64,0
ID_ZAOIR62,0
ID_ZBGGK5T,0
ID_ZBOX9JP,0
ID_ZBVFUCA,0
ID_ZC7LMST,0
ID_ZCDTT3D,0
ID_ZCSFLM2,0
ID_ZD9M7E5,0
ID_ZDCK6JP,0
ID_ZDEBBHN,0
ID_ZDI8O53,0
ID_ZDJ4SM2,0
ID_ZE2RBLA,0
ID_ZEK0YWT,0
ID_ZEVYSJ0,0
ID_ZEXPHGI,0
ID_ZF49WKA,0
ID_ZFWE5MQ,0
ID_ZFZQWSU,0
ID_ZG2C04W,0
ID_ZG7NXYV,0
ID_ZGV7PXU,0
ID_ZH8IZHU,0
ID_ZHDP16H,0
ID_ZI0PU4Y,0
ID_ZI3DUBU,0
ID_ZIBN3RQ,0
ID_ZIETYEH,0
ID_ZIJQEWN,0
ID_ZJMV775,0
ID_ZJRVDWH,0
ID_ZJSJVPP,0
ID_ZK9CN3W,0
ID_ZKHR6EL,0
ID_ZKITPM3,0
ID_ZKS8X6A,0
ID_ZKZPBGY,0
ID_ZL1JKI0,0
ID_ZLAJWMW,0
ID_ZLF8LKE,0
ID_ZM8Y96F,0
ID_ZMDAZ5S,0
ID_ZMOYDT0,0
ID_ZMQ59N6,0
ID_ZMSMR0Z,0
ID_ZNB8BV9,0
ID_ZNKXY8E,0
ID_ZNRHM22,0
ID_ZNYOP38,0
ID_ZO9LTX4,0
ID_ZOTRP7M,0
ID_ZP4DSAM,0
ID_ZPBI5BR,0
ID_ZPEA7V5,0
ID_ZPP94KU,0
ID_ZPT74O7,0
ID_ZPXW2JB,0
ID_ZQDE92R,0
ID_ZQKZWED,0
ID_ZQME4QP,0
ID_ZQZ5AFX,0
ID_ZRBRBN1,0
ID_ZRCEQL0,0
ID_ZREJYZV,0
ID_ZS426CO,0
ID_ZS4AMG0,0
ID_ZSFUMRP,0
ID_ZSKF8DV,0
ID_ZSULRTH,0
ID_ZSVJOHG,0
ID_ZTMNEMY,0
ID_ZTTHC5X,0
ID_ZUH4SJR,0
ID_ZUJAFUP,0
ID_ZV70KRX,0
ID_ZVI1K6E,0
ID_ZWHCTUM,0
ID_ZWL2W6I,0
ID_ZWMG7L5,0
ID_ZWQRL8L,0
ID_ZWVSFZY,0
ID_ZWZ92GU,0
ID_ZX34V0A,0
ID_ZXEBF6P,0
ID_ZXIQF9C,0
ID_ZXLNIJY,0
ID_ZYEK9NI,0
ID_ZYTNJOK,0
ID_ZYXX5AF,0
ID_ZYYOZ5L,0
ID_ZZ1GTKD,0
ID_ZZDXQSI,0
ID_ZZYTLV1,0
